x-axis,1,2
second,Volt,Volt
-50.00000E-03,+1.01236174E+00,+488.62304E-03
-49.95000E-03,+992.26124E-03,-2.42594979E+00
-49.90000E-03,+974.67330E-03,-2.70735683E+00
-49.85000E-03,+974.67330E-03,-2.78775883E+00
-49.80000E-03,+974.67330E-03,-2.86313572E+00
-49.75000E-03,+974.67330E-03,-2.58172869E+00
-49.70000E-03,+974.67330E-03,-2.70233170E+00
-49.65000E-03,+994.77380E-03,-2.06414075E+00
-49.60000E-03,+1.01236174E+00,-1.42092468E+00
-49.55000E-03,+992.26124E-03,-973.68850E-03
-49.50000E-03,+974.67330E-03,-370.67343E-03
-49.45000E-03,+992.26124E-03,+187.11551E-03
-49.40000E-03,+1.01236174E+00,+674.55269E-03
-49.35000E-03,+994.77380E-03,+1.19716575E+00
-49.30000E-03,+974.67330E-03,+1.80018081E+00
-49.25000E-03,+954.57279E-03,+2.11676373E+00
-49.20000E-03,+974.67330E-03,+2.27756774E+00
-49.15000E-03,+994.77380E-03,+2.27756774E+00
-49.10000E-03,+974.67330E-03,+2.35796975E+00
-49.05000E-03,+954.57279E-03,+2.24239187E+00
-49.00000E-03,+974.67330E-03,+1.95595971E+00
-48.95000E-03,+994.77380E-03,+1.59917579E+00
-48.90000E-03,+934.47229E-03,+1.31274363E+00
-48.85000E-03,+954.57279E-03,+875.55771E-03
-48.80000E-03,+974.67330E-03,+267.51751E-03
-48.75000E-03,+994.77380E-03,-94.29153E-03
-48.70000E-03,+974.67330E-03,-536.50258E-03
-48.65000E-03,+974.67330E-03,-1.09931664E+00
-48.60000E-03,+974.67330E-03,-1.42092468E+00
-48.55000E-03,+1.01487430E+00,-1.74253272E+00
-48.50000E-03,+974.67330E-03,-1.98373874E+00
-48.45000E-03,+994.77380E-03,-2.10434176E+00
-48.40000E-03,+974.67330E-03,-1.98373874E+00
-48.35000E-03,+974.67330E-03,-1.89831161E+00
-48.30000E-03,+1.01236174E+00,-1.65710558E+00
-48.25000E-03,+1.01487430E+00,-1.26012066E+00
-48.20000E-03,+974.67330E-03,-938.51262E-03
-48.15000E-03,+1.01487430E+00,-576.70358E-03
-48.10000E-03,+974.67330E-03,-209.86942E-03
-48.05000E-03,+1.01487430E+00,+187.11551E-03
-48.00000E-03,+974.67330E-03,+589.12555E-03
-47.95000E-03,+974.67330E-03,+991.13560E-03
-47.90000E-03,+974.67330E-03,+1.23736675E+00
-47.85000E-03,+992.26124E-03,+1.47354765E+00
-47.80000E-03,+974.67330E-03,+1.71475368E+00
-47.75000E-03,+974.67330E-03,+1.83535669E+00
-47.70000E-03,+1.01487430E+00,+1.63937680E+00
-47.65000E-03,+1.01487430E+00,+1.55394966E+00
-47.60000E-03,+974.67330E-03,+1.39314564E+00
-47.55000E-03,+992.26124E-03,+1.07153761E+00
-47.50000E-03,+974.67330E-03,+830.33158E-03
-47.45000E-03,+952.06023E-03,+388.12053E-03
-47.40000E-03,+934.47229E-03,-54.09052E-03
-47.35000E-03,+974.67330E-03,-295.29655E-03
-47.30000E-03,+972.16073E-03,-616.90459E-03
-47.25000E-03,+954.57279E-03,-858.11061E-03
-47.20000E-03,+974.67330E-03,-1.17971865E+00
-47.15000E-03,+974.67330E-03,-1.30032166E+00
-47.10000E-03,+974.67330E-03,-1.34052267E+00
-47.05000E-03,+974.67330E-03,-1.66213071E+00
-47.00000E-03,+974.67330E-03,-1.41589955E+00
-46.95000E-03,+974.67330E-03,-1.17971865E+00
-46.90000E-03,+934.47229E-03,-938.51262E-03
-46.85000E-03,+952.06023E-03,-817.90961E-03
-46.80000E-03,+1.01236174E+00,-611.87946E-03
-46.75000E-03,+974.67330E-03,-214.89454E-03
-46.70000E-03,+974.67330E-03,+31.33661E-03
-46.65000E-03,+934.47229E-03,+307.71852E-03
-46.60000E-03,+974.67330E-03,+669.52756E-03
-46.55000E-03,+1.01487430E+00,+875.55771E-03
-46.50000E-03,+1.05256274E+00,+1.07153761E+00
-46.45000E-03,+994.77380E-03,+1.11173861E+00
-46.40000E-03,+974.67330E-03,+1.23234162E+00
-46.35000E-03,+974.67330E-03,+1.23234162E+00
-46.30000E-03,+974.67330E-03,+1.23234162E+00
-46.25000E-03,+974.67330E-03,+1.07153761E+00
-46.20000E-03,+1.01236174E+00,+830.33158E-03
-46.15000E-03,+994.77380E-03,+669.52756E-03
-46.10000E-03,+1.01236174E+00,+428.32153E-03
-46.05000E-03,+992.26124E-03,+187.11551E-03
-46.00000E-03,+974.67330E-03,-54.09052E-03
-45.95000E-03,+974.67330E-03,-375.69856E-03
-45.90000E-03,+1.01487430E+00,-536.50258E-03
-45.85000E-03,+974.67330E-03,-777.70860E-03
-45.80000E-03,+1.01236174E+00,-858.11061E-03
-45.75000E-03,+974.67330E-03,-1.05409051E+00
-45.70000E-03,+1.01236174E+00,-1.01891463E+00
-45.65000E-03,+974.67330E-03,-1.05911564E+00
-45.60000E-03,+1.01236174E+00,-933.48750E-03
-45.55000E-03,+994.77380E-03,-817.90961E-03
-45.50000E-03,+974.67330E-03,-697.30660E-03
-45.45000E-03,+994.77380E-03,-491.27645E-03
-45.40000E-03,+974.67330E-03,-214.89454E-03
-45.35000E-03,+974.67330E-03,-54.09052E-03
-45.30000E-03,+972.16073E-03,+111.73862E-03
-45.25000E-03,+974.67330E-03,+347.91952E-03
-45.20000E-03,+934.47229E-03,+513.74867E-03
-45.15000E-03,+974.67330E-03,+634.35168E-03
-45.10000E-03,+974.67330E-03,+754.95470E-03
-45.05000E-03,+974.67330E-03,+830.33158E-03
-45.00000E-03,+974.67330E-03,+910.73359E-03
-44.95000E-03,+974.67330E-03,+835.35670E-03
-44.90000E-03,+974.67330E-03,+830.33158E-03
-44.85000E-03,+1.01487430E+00,+669.52756E-03
-44.80000E-03,+974.67330E-03,+589.12555E-03
-44.75000E-03,+1.01487430E+00,+388.12053E-03
-44.70000E-03,+1.01236174E+00,+187.11551E-03
-44.65000E-03,+1.01487430E+00,+26.31149E-03
-44.60000E-03,+974.67330E-03,-134.49253E-03
-44.55000E-03,+974.67330E-03,-375.69856E-03
-44.50000E-03,+974.67330E-03,-531.47745E-03
-44.45000E-03,+974.67330E-03,-576.70358E-03
-44.40000E-03,+1.01236174E+00,-616.90459E-03
-44.35000E-03,+974.67330E-03,-732.48247E-03
-44.30000E-03,+974.67330E-03,-697.30660E-03
-44.25000E-03,+974.67330E-03,-697.30660E-03
-44.20000E-03,+974.67330E-03,-692.28147E-03
-44.15000E-03,+1.01487430E+00,-496.30157E-03
-44.10000E-03,+974.67330E-03,-456.10057E-03
-44.05000E-03,+972.16073E-03,-255.09555E-03
-44.00000E-03,+1.01236174E+00,-54.09052E-03
-43.95000E-03,+1.03246224E+00,-8.86439E-03
-43.90000E-03,+974.67330E-03,+111.73862E-03
-43.85000E-03,+992.26124E-03,+267.51751E-03
-43.80000E-03,+1.01487430E+00,+433.34666E-03
-43.75000E-03,+1.01487430E+00,+508.72354E-03
-43.70000E-03,+974.67330E-03,+513.74867E-03
-43.65000E-03,+1.01487430E+00,+629.32656E-03
-43.60000E-03,+934.47229E-03,+669.52756E-03
-43.55000E-03,+974.67330E-03,+589.12555E-03
-43.50000E-03,+974.67330E-03,+589.12555E-03
-43.45000E-03,+974.67330E-03,+388.12053E-03
-43.40000E-03,+974.67330E-03,+272.54264E-03
-43.35000E-03,+974.67330E-03,+192.14063E-03
-43.30000E-03,+934.47229E-03,-54.09052E-03
-43.25000E-03,+992.26124E-03,-54.09052E-03
-43.20000E-03,+974.67330E-03,-214.89454E-03
-43.15000E-03,+974.67330E-03,-295.29655E-03
-43.10000E-03,+1.01236174E+00,-375.69856E-03
-43.05000E-03,+994.77380E-03,-491.27645E-03
-43.00000E-03,+974.67330E-03,-531.47745E-03
-42.95000E-03,+974.67330E-03,-536.50258E-03
-42.90000E-03,+974.67330E-03,-536.50258E-03
-42.85000E-03,+994.77380E-03,-491.27645E-03
-42.80000E-03,+974.67330E-03,-456.10057E-03
-42.75000E-03,+974.67330E-03,-375.69856E-03
-42.70000E-03,+1.01236174E+00,-295.29655E-03
-42.65000E-03,+992.26124E-03,-134.49253E-03
-42.60000E-03,+974.67330E-03,-49.06540E-03
-42.55000E-03,+974.67330E-03,+71.53762E-03
-42.50000E-03,+974.67330E-03,+187.11551E-03
-42.45000E-03,+994.77380E-03,+232.34164E-03
-42.40000E-03,+974.67330E-03,+347.91952E-03
-42.35000E-03,+974.67330E-03,+388.12053E-03
-42.30000E-03,+974.67330E-03,+352.94465E-03
-42.25000E-03,+974.67330E-03,+428.32153E-03
-42.20000E-03,+974.67330E-03,+428.32153E-03
-42.15000E-03,+992.26124E-03,+388.12053E-03
-42.10000E-03,+972.16073E-03,+347.91952E-03
-42.05000E-03,+974.67330E-03,+232.34164E-03
-42.00000E-03,+1.01236174E+00,+187.11551E-03
-41.95000E-03,+1.01487430E+00,+106.71350E-03
-41.90000E-03,+974.67330E-03,-54.09052E-03
-41.85000E-03,+974.67330E-03,-54.09052E-03
-41.80000E-03,+974.67330E-03,-214.89454E-03
-41.75000E-03,+1.01487430E+00,-214.89454E-03
-41.70000E-03,+974.67330E-03,-375.69856E-03
-41.65000E-03,+974.67330E-03,-370.67343E-03
-41.60000E-03,+974.67330E-03,-375.69856E-03
-41.55000E-03,+992.26124E-03,-375.69856E-03
-41.50000E-03,+934.47229E-03,-375.69856E-03
-41.45000E-03,+1.01487430E+00,-335.49755E-03
-41.40000E-03,+1.01236174E+00,-290.27142E-03
-41.35000E-03,+974.67330E-03,-134.49253E-03
-41.30000E-03,+974.67330E-03,-209.86942E-03
-41.25000E-03,+974.67330E-03,-89.26640E-03
-41.20000E-03,+1.01487430E+00,+106.71350E-03
-41.15000E-03,+994.77380E-03,+106.71350E-03
-41.10000E-03,+974.67330E-03,+187.11551E-03
-41.05000E-03,+974.67330E-03,+232.34164E-03
-41.00000E-03,+974.67330E-03,+428.32153E-03
-40.95000E-03,+1.03246224E+00,+307.71852E-03
-40.90000E-03,+1.01236174E+00,+347.91952E-03
-40.85000E-03,+974.67330E-03,+312.74364E-03
-40.80000E-03,+1.01236174E+00,+272.54264E-03
-40.75000E-03,+952.06023E-03,+307.71852E-03
-40.70000E-03,+974.67330E-03,+187.11551E-03
-40.65000E-03,+974.67330E-03,+146.91450E-03
-40.60000E-03,+1.01236174E+00,+106.71350E-03
-40.55000E-03,+1.01236174E+00,-8.86439E-03
-40.50000E-03,+974.67330E-03,+26.31149E-03
-40.45000E-03,+994.77380E-03,-174.69354E-03
-40.40000E-03,+974.67330E-03,-209.86942E-03
-40.35000E-03,+972.16073E-03,-169.66841E-03
-40.30000E-03,+974.67330E-03,-295.29655E-03
-40.25000E-03,+994.77380E-03,-295.29655E-03
-40.20000E-03,+1.01487430E+00,-214.89454E-03
-40.15000E-03,+992.26124E-03,-255.09555E-03
-40.10000E-03,+974.67330E-03,-290.27142E-03
-40.05000E-03,+974.67330E-03,-169.66841E-03
-40.00000E-03,+1.01236174E+00,-209.86942E-03
-39.95000E-03,+992.26124E-03,-134.49253E-03
-39.90000E-03,+1.01236174E+00,-49.06540E-03
-39.85000E-03,+954.57279E-03,-13.88952E-03
-39.80000E-03,+1.01487430E+00,+106.71350E-03
-39.75000E-03,+1.01487430E+00,+106.71350E-03
-39.70000E-03,+974.67330E-03,+187.11551E-03
-39.65000E-03,+974.67330E-03,+187.11551E-03
-39.60000E-03,+1.01236174E+00,+267.51751E-03
-39.55000E-03,+992.26124E-03,+267.51751E-03
-39.50000E-03,+974.67330E-03,+347.91952E-03
-39.45000E-03,+994.77380E-03,+227.31651E-03
-39.40000E-03,+974.67330E-03,+187.11551E-03
-39.35000E-03,+974.67330E-03,+146.91450E-03
-39.30000E-03,+1.01236174E+00,+106.71350E-03
-39.25000E-03,+994.77380E-03,-13.88952E-03
-39.20000E-03,+974.67330E-03,+26.31149E-03
-39.15000E-03,+974.67330E-03,-13.88952E-03
-39.10000E-03,+974.67330E-03,-129.46741E-03
-39.05000E-03,+994.77380E-03,-89.26640E-03
-39.00000E-03,+974.67330E-03,-209.86942E-03
-38.95000E-03,+992.26124E-03,-169.66841E-03
-38.90000E-03,+974.67330E-03,-214.89454E-03
-38.85000E-03,+994.77380E-03,-250.07042E-03
-38.80000E-03,+974.67330E-03,-134.49253E-03
-38.75000E-03,+974.67330E-03,-214.89454E-03
-38.70000E-03,+934.47229E-03,-134.49253E-03
-38.65000E-03,+974.67330E-03,-134.49253E-03
-38.60000E-03,+974.67330E-03,-54.09052E-03
-38.55000E-03,+994.77380E-03,+26.31149E-03
-38.50000E-03,+974.67330E-03,+26.31149E-03
-38.45000E-03,+974.67330E-03,+26.31149E-03
-38.40000E-03,+974.67330E-03,+106.71350E-03
-38.35000E-03,+974.67330E-03,+106.71350E-03
-38.30000E-03,+1.01236174E+00,+187.11551E-03
-38.25000E-03,+952.06023E-03,+151.93963E-03
-38.20000E-03,+974.67330E-03,+187.11551E-03
-38.15000E-03,+974.67330E-03,+146.91450E-03
-38.10000E-03,+1.01236174E+00,+187.11551E-03
-38.05000E-03,+994.77380E-03,+106.71350E-03
-38.00000E-03,+1.01487430E+00,+106.71350E-03
-37.95000E-03,+974.67330E-03,+26.31149E-03
-37.90000E-03,+974.67330E-03,+26.31149E-03
-37.85000E-03,+1.01487430E+00,-13.88952E-03
-37.80000E-03,+974.67330E-03,-54.09052E-03
-37.75000E-03,+974.67330E-03,-13.88952E-03
-37.70000E-03,+1.01236174E+00,-54.09052E-03
-37.65000E-03,+974.67330E-03,-174.69354E-03
-37.60000E-03,+974.67330E-03,-54.09052E-03
-37.55000E-03,+994.77380E-03,-134.49253E-03
-37.50000E-03,+1.01487430E+00,-134.49253E-03
-37.45000E-03,+1.01487430E+00,-174.69354E-03
-37.40000E-03,+1.01236174E+00,-134.49253E-03
-37.35000E-03,+974.67330E-03,-89.26640E-03
-37.30000E-03,+974.67330E-03,-209.86942E-03
-37.25000E-03,+994.77380E-03,-54.09052E-03
-37.20000E-03,+1.01236174E+00,+106.71350E-03
-37.15000E-03,+994.77380E-03,-54.09052E-03
-37.10000E-03,+974.67330E-03,+26.31149E-03
-37.05000E-03,+992.26124E-03,+66.51249E-03
-37.00000E-03,+934.47229E-03,+187.11551E-03
-36.95000E-03,+994.77380E-03,+66.51249E-03
-36.90000E-03,+974.67330E-03,+111.73862E-03
-36.85000E-03,+992.26124E-03,+151.93963E-03
-36.80000E-03,+974.67330E-03,+111.73862E-03
-36.75000E-03,+974.67330E-03,+106.71350E-03
-36.70000E-03,+972.16073E-03,+106.71350E-03
-36.65000E-03,+992.26124E-03,+66.51249E-03
-36.60000E-03,+974.67330E-03,+31.33661E-03
-36.55000E-03,+974.67330E-03,+26.31149E-03
-36.50000E-03,+1.01236174E+00,-54.09052E-03
-36.45000E-03,+974.67330E-03,-54.09052E-03
-36.40000E-03,+1.01236174E+00,-54.09052E-03
-36.35000E-03,+974.67330E-03,-89.26640E-03
-36.30000E-03,+1.01236174E+00,-49.06540E-03
-36.25000E-03,+992.26124E-03,-54.09052E-03
-36.20000E-03,+974.67330E-03,-49.06540E-03
-36.15000E-03,+1.01487430E+00,-89.26640E-03
-36.10000E-03,+974.67330E-03,-54.09052E-03
-36.05000E-03,+994.77380E-03,-134.49253E-03
-36.00000E-03,+974.67330E-03,-134.49253E-03
-35.95000E-03,+992.26124E-03,-94.29153E-03
-35.90000E-03,+974.67330E-03,-54.09052E-03
-35.85000E-03,+974.67330E-03,-8.86439E-03
-35.80000E-03,+1.01236174E+00,-54.09052E-03
-35.75000E-03,+1.01487430E+00,-13.88952E-03
-35.70000E-03,+1.01236174E+00,+26.31149E-03
-35.65000E-03,+974.67330E-03,+106.71350E-03
-35.60000E-03,+974.67330E-03,+26.31149E-03
-35.55000E-03,+974.67330E-03,+106.71350E-03
-35.50000E-03,+974.67330E-03,+26.31149E-03
-35.45000E-03,+952.06023E-03,+26.31149E-03
-35.40000E-03,+974.67330E-03,+31.33661E-03
-35.35000E-03,+974.67330E-03,+26.31149E-03
-35.30000E-03,+974.67330E-03,+26.31149E-03
-35.25000E-03,+994.77380E-03,+71.53762E-03
-35.20000E-03,+974.67330E-03,+106.71350E-03
-35.15000E-03,+994.77380E-03,-8.86439E-03
-35.10000E-03,+974.67330E-03,+26.31149E-03
-35.05000E-03,+992.26124E-03,-8.86439E-03
-35.00000E-03,+974.67330E-03,-54.09052E-03
-34.95000E-03,+974.67330E-03,-8.86439E-03
-34.90000E-03,+1.01236174E+00,-54.09052E-03
-34.85000E-03,+974.67330E-03,-54.09052E-03
-34.80000E-03,+934.47229E-03,-134.49253E-03
-34.75000E-03,+992.26124E-03,-134.49253E-03
-34.70000E-03,+1.01236174E+00,-54.09052E-03
-34.65000E-03,+1.01236174E+00,-134.49253E-03
-34.60000E-03,+974.67330E-03,-54.09052E-03
-34.55000E-03,+974.67330E-03,-49.06540E-03
-34.50000E-03,+974.67330E-03,-54.09052E-03
-34.45000E-03,+992.26124E-03,-8.86439E-03
-34.40000E-03,+974.67330E-03,+26.31149E-03
-34.35000E-03,+1.01487430E+00,+26.31149E-03
-34.30000E-03,+974.67330E-03,+26.31149E-03
-34.25000E-03,+972.16073E-03,+66.51249E-03
-34.20000E-03,+1.01236174E+00,+26.31149E-03
-34.15000E-03,+992.26124E-03,+66.51249E-03
-34.10000E-03,+1.01236174E+00,+26.31149E-03
-34.05000E-03,+994.77380E-03,+106.71350E-03
-34.00000E-03,+974.67330E-03,+26.31149E-03
-33.95000E-03,+994.77380E-03,+71.53762E-03
-33.90000E-03,+974.67330E-03,-54.09052E-03
-33.85000E-03,+974.67330E-03,+71.53762E-03
-33.80000E-03,+1.01487430E+00,-49.06540E-03
-33.75000E-03,+974.67330E-03,+31.33661E-03
-33.70000E-03,+1.01236174E+00,+26.31149E-03
-33.65000E-03,+1.01487430E+00,-54.09052E-03
-33.60000E-03,+1.01236174E+00,-54.09052E-03
-33.55000E-03,+992.26124E-03,-89.26640E-03
-33.50000E-03,+974.67330E-03,-129.46741E-03
-33.45000E-03,+974.67330E-03,-8.86439E-03
-33.40000E-03,+974.67330E-03,+26.31149E-03
-33.35000E-03,+974.67330E-03,-13.88952E-03
-33.30000E-03,+1.01236174E+00,-54.09052E-03
-33.25000E-03,+952.06023E-03,-54.09052E-03
-33.20000E-03,+974.67330E-03,+26.31149E-03
-33.15000E-03,+994.77380E-03,-54.09052E-03
-33.10000E-03,+1.01487430E+00,+26.31149E-03
-33.05000E-03,+992.26124E-03,+26.31149E-03
-33.00000E-03,+974.67330E-03,-49.06540E-03
-32.95000E-03,+992.26124E-03,+26.31149E-03
-32.90000E-03,+974.67330E-03,+26.31149E-03
-32.85000E-03,+1.01487430E+00,+71.53762E-03
-32.80000E-03,+972.16073E-03,-49.06540E-03
-32.75000E-03,+1.01487430E+00,+26.31149E-03
-32.70000E-03,+974.67330E-03,+26.31149E-03
-32.65000E-03,+992.26124E-03,-13.88952E-03
-32.60000E-03,+974.67330E-03,+26.31149E-03
-32.55000E-03,+992.26124E-03,-13.88952E-03
-32.50000E-03,+974.67330E-03,-49.06540E-03
-32.45000E-03,+974.67330E-03,-13.88952E-03
-32.40000E-03,+974.67330E-03,-49.06540E-03
-32.35000E-03,+992.26124E-03,-54.09052E-03
-32.30000E-03,+1.01236174E+00,-54.09052E-03
-32.25000E-03,+992.26124E-03,-54.09052E-03
-32.20000E-03,+974.67330E-03,-49.06540E-03
-32.15000E-03,+994.77380E-03,-54.09052E-03
-32.10000E-03,+974.67330E-03,+26.31149E-03
-32.05000E-03,+974.67330E-03,-54.09052E-03
-32.00000E-03,+974.67330E-03,-49.06540E-03
-31.95000E-03,+992.26124E-03,-54.09052E-03
-31.90000E-03,+974.67330E-03,-54.09052E-03
-31.85000E-03,+974.67330E-03,-54.09052E-03
-31.80000E-03,+1.01487430E+00,+26.31149E-03
-31.75000E-03,+952.06023E-03,+26.31149E-03
-31.70000E-03,+974.67330E-03,-54.09052E-03
-31.65000E-03,+974.67330E-03,-54.09052E-03
-31.60000E-03,+1.01487430E+00,+26.31149E-03
-31.55000E-03,+974.67330E-03,-13.88952E-03
-31.50000E-03,+972.16073E-03,-49.06540E-03
-31.45000E-03,+992.26124E-03,+106.71350E-03
-31.40000E-03,+1.01487430E+00,+26.31149E-03
-31.35000E-03,+992.26124E-03,+26.31149E-03
-31.30000E-03,+974.67330E-03,-49.06540E-03
-31.25000E-03,+974.67330E-03,-13.88952E-03
-31.20000E-03,+974.67330E-03,+26.31149E-03
-31.15000E-03,+974.67330E-03,-54.09052E-03
-31.10000E-03,+1.01487430E+00,-49.06540E-03
-31.05000E-03,+992.26124E-03,-8.86439E-03
-31.00000E-03,+1.01236174E+00,+26.31149E-03
-30.95000E-03,+974.67330E-03,-54.09052E-03
-30.90000E-03,+1.01236174E+00,-49.06540E-03
-30.85000E-03,+952.06023E-03,-13.88952E-03
-30.80000E-03,+1.01236174E+00,+26.31149E-03
-30.75000E-03,+992.26124E-03,-54.09052E-03
-30.70000E-03,+974.67330E-03,-54.09052E-03
-30.65000E-03,+992.26124E-03,-13.88952E-03
-30.60000E-03,+1.01236174E+00,+26.31149E-03
-30.55000E-03,+974.67330E-03,-8.86439E-03
-30.50000E-03,+1.01236174E+00,-49.06540E-03
-30.45000E-03,+952.06023E-03,-8.86439E-03
-30.40000E-03,+974.67330E-03,+26.31149E-03
-30.35000E-03,+974.67330E-03,-8.86439E-03
-30.30000E-03,+1.01236174E+00,+26.31149E-03
-30.25000E-03,+974.67330E-03,-13.88952E-03
-30.20000E-03,+974.67330E-03,+26.31149E-03
-30.15000E-03,+1.01236174E+00,+26.31149E-03
-30.10000E-03,+1.01487430E+00,+26.31149E-03
-30.05000E-03,+992.26124E-03,+71.53762E-03
-30.00000E-03,+974.67330E-03,+26.31149E-03
-29.95000E-03,+974.67330E-03,+26.31149E-03
-29.90000E-03,+972.16073E-03,+26.31149E-03
-29.85000E-03,+1.01487430E+00,-13.88952E-03
-29.80000E-03,+974.67330E-03,-49.06540E-03
-29.75000E-03,+994.77380E-03,-8.86439E-03
-29.70000E-03,+974.67330E-03,+26.31149E-03
-29.65000E-03,+974.67330E-03,-8.86439E-03
-29.60000E-03,+974.67330E-03,+26.31149E-03
-29.55000E-03,+994.77380E-03,-8.86439E-03
-29.50000E-03,+934.47229E-03,-49.06540E-03
-29.45000E-03,+992.26124E-03,+26.31149E-03
-29.40000E-03,+974.67330E-03,+26.31149E-03
-29.35000E-03,+992.26124E-03,-54.09052E-03
-29.30000E-03,+1.01236174E+00,-49.06540E-03
-29.25000E-03,+974.67330E-03,+26.31149E-03
-29.20000E-03,+974.67330E-03,-54.09052E-03
-29.15000E-03,+994.77380E-03,-8.86439E-03
-29.10000E-03,+1.01236174E+00,-54.09052E-03
-29.05000E-03,+974.67330E-03,+71.53762E-03
-29.00000E-03,+1.01236174E+00,+106.71350E-03
-28.95000E-03,+994.77380E-03,+26.31149E-03
-28.90000E-03,+974.67330E-03,+26.31149E-03
-28.85000E-03,+974.67330E-03,-13.88952E-03
-28.80000E-03,+1.01236174E+00,+26.31149E-03
-28.75000E-03,+974.67330E-03,+31.33661E-03
-28.70000E-03,+1.01236174E+00,+26.31149E-03
-28.65000E-03,+992.26124E-03,+31.33661E-03
-28.60000E-03,+974.67330E-03,+26.31149E-03
-28.55000E-03,+1.01487430E+00,-8.86439E-03
-28.50000E-03,+974.67330E-03,+26.31149E-03
-28.45000E-03,+974.67330E-03,-8.86439E-03
-28.40000E-03,+934.47229E-03,+26.31149E-03
-28.35000E-03,+992.26124E-03,+26.31149E-03
-28.30000E-03,+974.67330E-03,+106.71350E-03
-28.25000E-03,+994.77380E-03,+26.31149E-03
-28.20000E-03,+974.67330E-03,+26.31149E-03
-28.15000E-03,+1.01487430E+00,+66.51249E-03
-28.10000E-03,+974.67330E-03,-49.06540E-03
-28.05000E-03,+974.67330E-03,-8.86439E-03
-28.00000E-03,+934.47229E-03,-54.09052E-03
-27.95000E-03,+974.67330E-03,-13.88952E-03
-27.90000E-03,+974.67330E-03,+26.31149E-03
-27.85000E-03,+994.77380E-03,-13.88952E-03
-27.80000E-03,+974.67330E-03,-54.09052E-03
-27.75000E-03,+954.57279E-03,-54.09052E-03
-27.70000E-03,+974.67330E-03,-54.09052E-03
-27.65000E-03,+974.67330E-03,-8.86439E-03
-27.60000E-03,+974.67330E-03,-49.06540E-03
-27.55000E-03,+992.26124E-03,+26.31149E-03
-27.50000E-03,+1.01236174E+00,+26.31149E-03
-27.45000E-03,+992.26124E-03,-8.86439E-03
-27.40000E-03,+974.67330E-03,+26.31149E-03
-27.35000E-03,+974.67330E-03,+106.71350E-03
-27.30000E-03,+1.01236174E+00,+26.31149E-03
-27.25000E-03,+994.77380E-03,-8.86439E-03
-27.20000E-03,+974.67330E-03,+26.31149E-03
-27.15000E-03,+994.77380E-03,+26.31149E-03
-27.10000E-03,+1.01236174E+00,+26.31149E-03
-27.05000E-03,+994.77380E-03,-54.09052E-03
-27.00000E-03,+972.16073E-03,-49.06540E-03
-26.95000E-03,+974.67330E-03,-54.09052E-03
-26.90000E-03,+1.01487430E+00,-54.09052E-03
-26.85000E-03,+974.67330E-03,-13.88952E-03
-26.80000E-03,+1.01487430E+00,+26.31149E-03
-26.75000E-03,+974.67330E-03,-8.86439E-03
-26.70000E-03,+974.67330E-03,+26.31149E-03
-26.65000E-03,+952.06023E-03,+26.31149E-03
-26.60000E-03,+974.67330E-03,-54.09052E-03
-26.55000E-03,+974.67330E-03,+26.31149E-03
-26.50000E-03,+974.67330E-03,-54.09052E-03
-26.45000E-03,+994.77380E-03,+26.31149E-03
-26.40000E-03,+974.67330E-03,-49.06540E-03
-26.35000E-03,+974.67330E-03,-54.09052E-03
-26.30000E-03,+974.67330E-03,+26.31149E-03
-26.25000E-03,+974.67330E-03,-54.09052E-03
-26.20000E-03,+974.67330E-03,+26.31149E-03
-26.15000E-03,+974.67330E-03,-54.09052E-03
-26.10000E-03,+1.01236174E+00,-49.06540E-03
-26.05000E-03,+1.01487430E+00,+26.31149E-03
-26.00000E-03,+974.67330E-03,+26.31149E-03
-25.95000E-03,+974.67330E-03,-8.86439E-03
-25.90000E-03,+974.67330E-03,+106.71350E-03
-25.85000E-03,+974.67330E-03,-89.26640E-03
-25.80000E-03,+1.01236174E+00,-54.09052E-03
-25.75000E-03,+994.77380E-03,+26.31149E-03
-25.70000E-03,+934.47229E-03,-54.09052E-03
-25.65000E-03,+992.26124E-03,-8.86439E-03
-25.60000E-03,+934.47229E-03,-54.09052E-03
-25.55000E-03,+974.67330E-03,+26.31149E-03
-25.50000E-03,+974.67330E-03,-54.09052E-03
-25.45000E-03,+974.67330E-03,-8.86439E-03
-25.40000E-03,+974.67330E-03,+26.31149E-03
-25.35000E-03,+972.16073E-03,+26.31149E-03
-25.30000E-03,+1.01236174E+00,-54.09052E-03
-25.25000E-03,+992.26124E-03,-13.88952E-03
-25.20000E-03,+1.01487430E+00,-54.09052E-03
-25.15000E-03,+974.67330E-03,-13.88952E-03
-25.10000E-03,+974.67330E-03,+26.31149E-03
-25.05000E-03,+974.67330E-03,-54.09052E-03
-25.00000E-03,+974.67330E-03,+26.31149E-03
-24.95000E-03,-1.03537693E+00,+2.32279387E+00
-24.90000E-03,-995.17593E-03,+2.67957779E+00
-24.85000E-03,-1.03537693E+00,+2.84038181E+00
-24.80000E-03,-1.03537693E+00,+2.92078382E+00
-24.75000E-03,-1.01778899E+00,+2.72480392E+00
-24.70000E-03,-1.03788950E+00,+2.51877377E+00
-24.65000E-03,-1.03788950E+00,+1.99616071E+00
-24.60000E-03,-995.17593E-03,+1.55897479E+00
-24.55000E-03,-1.03537693E+00,+1.07153761E+00
-24.50000E-03,-997.68849E-03,+508.72354E-03
-24.45000E-03,-1.05547743E+00,-13.88952E-03
-24.40000E-03,-995.17593E-03,-536.50258E-03
-24.35000E-03,-1.01778899E+00,-1.09931664E+00
-24.30000E-03,-1.03537693E+00,-1.58172870E+00
-24.25000E-03,-1.01778899E+00,-1.90333673E+00
-24.20000E-03,-997.68849E-03,-2.38072366E+00
-24.15000E-03,-1.01527643E+00,-2.30534678E+00
-24.10000E-03,-1.03537693E+00,-2.38574879E+00
-24.05000E-03,-995.17593E-03,-2.26012065E+00
-24.00000E-03,-1.03537693E+00,-2.21991964E+00
-23.95000E-03,-1.01527643E+00,-1.93851261E+00
-23.90000E-03,-1.03537693E+00,-1.34052267E+00
-23.85000E-03,-1.01527643E+00,-893.28649E-03
-23.80000E-03,-1.03537693E+00,-375.69856E-03
-23.75000E-03,-1.01527643E+00,+31.33661E-03
-23.70000E-03,-997.68849E-03,+589.12555E-03
-23.65000E-03,-1.03537693E+00,+991.13560E-03
-23.60000E-03,-997.68849E-03,+1.55394966E+00
-23.55000E-03,-1.01527643E+00,+1.67455268E+00
-23.50000E-03,-997.68849E-03,+1.87555770E+00
-23.45000E-03,-1.01778899E+00,+1.99616071E+00
-23.40000E-03,-1.07557794E+00,+1.88058282E+00
-23.35000E-03,-1.03537693E+00,+1.84038182E+00
-23.30000E-03,-1.03537693E+00,+1.63435167E+00
-23.25000E-03,-1.03537693E+00,+1.39314564E+00
-23.20000E-03,-997.68849E-03,+1.07153761E+00
-23.15000E-03,-1.01778899E+00,+669.52756E-03
-23.10000E-03,-1.03537693E+00,+267.51751E-03
-23.05000E-03,-1.03537693E+00,-54.09052E-03
-23.00000E-03,-997.68849E-03,-536.50258E-03
-22.95000E-03,-1.03537693E+00,-817.90961E-03
-22.90000E-03,-1.03537693E+00,-1.17971865E+00
-22.85000E-03,-1.01778899E+00,-1.42092468E+00
-22.80000E-03,-995.17593E-03,-1.57670357E+00
-22.75000E-03,-1.05547743E+00,-1.90333673E+00
-22.70000E-03,-997.68849E-03,-1.81790960E+00
-22.65000E-03,-1.03537693E+00,-1.58675382E+00
-22.60000E-03,-1.03537693E+00,-1.26012066E+00
-22.55000E-03,-995.17593E-03,-1.17971865E+00
-22.50000E-03,-997.68849E-03,-858.11061E-03
-22.45000E-03,-1.01527643E+00,-491.27645E-03
-22.40000E-03,-997.68849E-03,-134.49253E-03
-22.35000E-03,-1.03537693E+00,+151.93963E-03
-22.30000E-03,-1.03537693E+00,+433.34666E-03
-22.25000E-03,-1.01527643E+00,+830.33158E-03
-22.20000E-03,-1.03537693E+00,+1.07656273E+00
-22.15000E-03,-1.01778899E+00,+1.23234162E+00
-22.10000E-03,-1.03788950E+00,+1.39314564E+00
-22.05000E-03,-1.03537693E+00,+1.43334665E+00
-22.00000E-03,-997.68849E-03,+1.31274363E+00
-21.95000E-03,-995.17593E-03,+1.23234162E+00
-21.90000E-03,-1.03537693E+00,+1.07153761E+00
-21.85000E-03,-1.01778899E+00,+875.55771E-03
-21.80000E-03,-1.03537693E+00,+513.74867E-03
-21.75000E-03,-1.01527643E+00,+388.12053E-03
-21.70000E-03,-1.03788950E+00,+106.71350E-03
-21.65000E-03,-1.05799000E+00,-169.66841E-03
-21.60000E-03,-995.17593E-03,-451.07544E-03
-21.55000E-03,-1.01778899E+00,-697.30660E-03
-21.50000E-03,-1.03537693E+00,-1.01388951E+00
-21.45000E-03,-1.03537693E+00,-1.05409051E+00
-21.40000E-03,-997.68849E-03,-1.17469353E+00
-21.35000E-03,-1.01527643E+00,-1.13449252E+00
-21.30000E-03,-997.68849E-03,-1.09931664E+00
-21.25000E-03,-1.01527643E+00,-1.01891463E+00
-21.20000E-03,-1.03537693E+00,-938.51262E-03
-21.15000E-03,-1.01527643E+00,-697.30660E-03
-21.10000E-03,-1.03537693E+00,-456.10057E-03
-21.05000E-03,-1.01778899E+00,-214.89454E-03
-21.00000E-03,-1.03537693E+00,-54.09052E-03
-20.95000E-03,-1.03537693E+00,+267.51751E-03
-20.90000E-03,-1.07557794E+00,+508.72354E-03
-20.85000E-03,-1.01527643E+00,+634.35168E-03
-20.80000E-03,-1.03537693E+00,+754.95470E-03
-20.75000E-03,-1.01527643E+00,+870.53258E-03
-20.70000E-03,-995.17593E-03,+1.07153761E+00
-20.65000E-03,-1.05799000E+00,+955.95972E-03
-20.60000E-03,-997.68849E-03,+991.13560E-03
-20.55000E-03,-1.01527643E+00,+910.73359E-03
-20.50000E-03,-1.03788950E+00,+669.52756E-03
-20.45000E-03,-1.01778899E+00,+548.92455E-03
-20.40000E-03,-1.03537693E+00,+347.91952E-03
-20.35000E-03,-1.01527643E+00,+151.93963E-03
-20.30000E-03,-997.68849E-03,-54.09052E-03
-20.25000E-03,-995.17593E-03,-255.09555E-03
-20.20000E-03,-1.03537693E+00,-375.69856E-03
-20.15000E-03,-1.05547743E+00,-536.50258E-03
-20.10000E-03,-995.17593E-03,-772.68348E-03
-20.05000E-03,-1.03537693E+00,-817.90961E-03
-20.00000E-03,-1.03537693E+00,-858.11061E-03
-19.95000E-03,-1.01527643E+00,-858.11061E-03
-19.90000E-03,-1.03537693E+00,-697.30660E-03
-19.85000E-03,-995.17593E-03,-652.08047E-03
-19.80000E-03,-1.03537693E+00,-536.50258E-03
-19.75000E-03,-1.05547743E+00,-375.69856E-03
-19.70000E-03,-1.03537693E+00,-295.29655E-03
-19.65000E-03,-1.01778899E+00,-129.46741E-03
-19.60000E-03,-1.07557794E+00,+31.33661E-03
-19.55000E-03,-995.17593E-03,+267.51751E-03
-19.50000E-03,-1.03537693E+00,+428.32153E-03
-19.45000E-03,-995.17593E-03,+508.72354E-03
-19.40000E-03,-1.03537693E+00,+589.12555E-03
-19.35000E-03,-1.01527643E+00,+669.52756E-03
-19.30000E-03,-995.17593E-03,+669.52756E-03
-19.25000E-03,-1.01527643E+00,+634.35168E-03
-19.20000E-03,-1.03537693E+00,+589.12555E-03
-19.15000E-03,-1.01527643E+00,+548.92455E-03
-19.10000E-03,-1.03537693E+00,+508.72354E-03
-19.05000E-03,-1.01527643E+00,+267.51751E-03
-19.00000E-03,-997.68849E-03,+187.11551E-03
-18.95000E-03,-1.03537693E+00,+26.31149E-03
-18.90000E-03,-1.03537693E+00,-129.46741E-03
-18.85000E-03,-1.03537693E+00,-250.07042E-03
-18.80000E-03,-997.68849E-03,-375.69856E-03
-18.75000E-03,-1.03537693E+00,-456.10057E-03
-18.70000E-03,-1.03537693E+00,-456.10057E-03
-18.65000E-03,-1.03788950E+00,-616.90459E-03
-18.60000E-03,-997.68849E-03,-536.50258E-03
-18.55000E-03,-1.03537693E+00,-571.67846E-03
-18.50000E-03,-1.07557794E+00,-536.50258E-03
-18.45000E-03,-1.01527643E+00,-496.30157E-03
-18.40000E-03,-1.03537693E+00,-375.69856E-03
-18.35000E-03,-1.01778899E+00,-214.89454E-03
-18.30000E-03,-1.03537693E+00,-54.09052E-03
-18.25000E-03,-1.01778899E+00,-13.88952E-03
-18.20000E-03,-1.03537693E+00,+106.71350E-03
-18.15000E-03,-1.03537693E+00,+267.51751E-03
-18.10000E-03,-997.68849E-03,+267.51751E-03
-18.05000E-03,-995.17593E-03,+428.32153E-03
-18.00000E-03,-997.68849E-03,+352.94465E-03
-17.95000E-03,-1.03537693E+00,+508.72354E-03
-17.90000E-03,-1.03537693E+00,+508.72354E-03
-17.85000E-03,-1.03537693E+00,+508.72354E-03
-17.80000E-03,-1.07557794E+00,+433.34666E-03
-17.75000E-03,-1.03537693E+00,+307.71852E-03
-17.70000E-03,-995.17593E-03,+267.51751E-03
-17.65000E-03,-1.03537693E+00,+151.93963E-03
-17.60000E-03,-997.68849E-03,+31.33661E-03
-17.55000E-03,-1.01527643E+00,-13.88952E-03
-17.50000E-03,-1.07557794E+00,-209.86942E-03
-17.45000E-03,-1.01778899E+00,-255.09555E-03
-17.40000E-03,-997.68849E-03,-295.29655E-03
-17.35000E-03,-1.01778899E+00,-375.69856E-03
-17.30000E-03,-1.03537693E+00,-295.29655E-03
-17.25000E-03,-1.01778899E+00,-375.69856E-03
-17.20000E-03,-1.03537693E+00,-451.07544E-03
-17.15000E-03,-1.03537693E+00,-375.69856E-03
-17.10000E-03,-1.03537693E+00,-295.29655E-03
-17.05000E-03,-1.01778899E+00,-335.49755E-03
-17.00000E-03,-997.68849E-03,-214.89454E-03
-16.95000E-03,-1.01778899E+00,-134.49253E-03
-16.90000E-03,-997.68849E-03,-54.09052E-03
-16.85000E-03,-1.01527643E+00,+26.31149E-03
-16.80000E-03,-997.68849E-03,+106.71350E-03
-16.75000E-03,-1.01778899E+00,+187.11551E-03
-16.70000E-03,-1.03537693E+00,+267.51751E-03
-16.65000E-03,-1.03537693E+00,+347.91952E-03
-16.60000E-03,-1.03537693E+00,+428.32153E-03
-16.55000E-03,-1.03537693E+00,+307.71852E-03
-16.50000E-03,-997.68849E-03,+428.32153E-03
-16.45000E-03,-1.03537693E+00,+312.74364E-03
-16.40000E-03,-995.17593E-03,+267.51751E-03
-16.35000E-03,-1.01778899E+00,+232.34164E-03
-16.30000E-03,-1.03537693E+00,+106.71350E-03
-16.25000E-03,-1.03537693E+00,+66.51249E-03
-16.20000E-03,-995.17593E-03,-49.06540E-03
-16.15000E-03,-1.03537693E+00,-54.09052E-03
-16.10000E-03,-997.68849E-03,-134.49253E-03
-16.05000E-03,-1.03537693E+00,-174.69354E-03
-16.00000E-03,-1.03537693E+00,-214.89454E-03
-15.95000E-03,-1.01527643E+00,-295.29655E-03
-15.90000E-03,-1.03537693E+00,-295.29655E-03
-15.85000E-03,-1.03537693E+00,-255.09555E-03
-15.80000E-03,-1.03537693E+00,-295.29655E-03
-15.75000E-03,-1.03537693E+00,-214.89454E-03
-15.70000E-03,-997.68849E-03,-295.29655E-03
-15.65000E-03,-1.03537693E+00,-169.66841E-03
-15.60000E-03,-995.17593E-03,-54.09052E-03
-15.55000E-03,-1.03537693E+00,-54.09052E-03
-15.50000E-03,-997.68849E-03,+26.31149E-03
-15.45000E-03,-1.01778899E+00,+26.31149E-03
-15.40000E-03,-997.68849E-03,+106.71350E-03
-15.35000E-03,-1.03537693E+00,+232.34164E-03
-15.30000E-03,-997.68849E-03,+267.51751E-03
-15.25000E-03,-1.05799000E+00,+227.31651E-03
-15.20000E-03,-1.03537693E+00,+192.14063E-03
-15.15000E-03,-1.03537693E+00,+227.31651E-03
-15.10000E-03,-1.03537693E+00,+187.11551E-03
-15.05000E-03,-1.01778899E+00,+146.91450E-03
-15.00000E-03,-1.03537693E+00,+187.11551E-03
-14.95000E-03,-1.01527643E+00,+71.53762E-03
-14.90000E-03,-1.03537693E+00,+106.71350E-03
-14.85000E-03,-1.01527643E+00,-54.09052E-03
-14.80000E-03,-997.68849E-03,-54.09052E-03
-14.75000E-03,-1.01527643E+00,-94.29153E-03
-14.70000E-03,-1.03537693E+00,-134.49253E-03
-14.65000E-03,-1.01778899E+00,-214.89454E-03
-14.60000E-03,-1.03788950E+00,-214.89454E-03
-14.55000E-03,-1.03537693E+00,-209.86942E-03
-14.50000E-03,-1.03537693E+00,-214.89454E-03
-14.45000E-03,-1.03537693E+00,-174.69354E-03
-14.40000E-03,-1.03537693E+00,-214.89454E-03
-14.35000E-03,-1.01527643E+00,-134.49253E-03
-14.30000E-03,-1.03537693E+00,-134.49253E-03
-14.25000E-03,-1.03537693E+00,-89.26640E-03
-14.20000E-03,-1.03537693E+00,+26.31149E-03
-14.15000E-03,-995.17593E-03,+26.31149E-03
-14.10000E-03,-1.03537693E+00,+106.71350E-03
-14.05000E-03,-1.03537693E+00,+106.71350E-03
-14.00000E-03,-1.03537693E+00,+31.33661E-03
-13.95000E-03,-1.01778899E+00,+151.93963E-03
-13.90000E-03,-1.03537693E+00,+267.51751E-03
-13.85000E-03,-995.17593E-03,+227.31651E-03
-13.80000E-03,-1.03537693E+00,+187.11551E-03
-13.75000E-03,-995.17593E-03,+187.11551E-03
-13.70000E-03,-1.03537693E+00,+106.71350E-03
-13.65000E-03,-1.03537693E+00,+106.71350E-03
-13.60000E-03,-1.03537693E+00,+106.71350E-03
-13.55000E-03,-1.01527643E+00,+26.31149E-03
-13.50000E-03,-1.03537693E+00,-129.46741E-03
-13.45000E-03,-1.01527643E+00,-49.06540E-03
-13.40000E-03,-997.68849E-03,-49.06540E-03
-13.35000E-03,-1.01778899E+00,-54.09052E-03
-13.30000E-03,-1.03537693E+00,-134.49253E-03
-13.25000E-03,-1.03537693E+00,-169.66841E-03
-13.20000E-03,-1.03537693E+00,-54.09052E-03
-13.15000E-03,-1.03788950E+00,-134.49253E-03
-13.10000E-03,-1.03537693E+00,-134.49253E-03
-13.05000E-03,-1.03537693E+00,-94.29153E-03
-13.00000E-03,-997.68849E-03,-129.46741E-03
-12.95000E-03,-1.01527643E+00,-89.26640E-03
-12.90000E-03,-997.68849E-03,-49.06540E-03
-12.85000E-03,-1.03537693E+00,-89.26640E-03
-12.80000E-03,-1.07557794E+00,+26.31149E-03
-12.75000E-03,-1.01778899E+00,+26.31149E-03
-12.70000E-03,-1.03537693E+00,+106.71350E-03
-12.65000E-03,-1.01778899E+00,+106.71350E-03
-12.60000E-03,-995.17593E-03,+111.73862E-03
-12.55000E-03,-1.03537693E+00,+146.91450E-03
-12.50000E-03,-997.68849E-03,+187.11551E-03
-12.45000E-03,-1.03537693E+00,+106.71350E-03
-12.40000E-03,-995.17593E-03,+31.33661E-03
-12.35000E-03,-1.03537693E+00,+106.71350E-03
-12.30000E-03,-1.03537693E+00,+106.71350E-03
-12.25000E-03,-1.05547743E+00,+66.51249E-03
-12.20000E-03,-1.03537693E+00,+26.31149E-03
-12.15000E-03,-1.01527643E+00,-8.86439E-03
-12.10000E-03,-1.03537693E+00,-54.09052E-03
-12.05000E-03,-1.03537693E+00,-54.09052E-03
-12.00000E-03,-1.03537693E+00,-54.09052E-03
-11.95000E-03,-995.17593E-03,-13.88952E-03
-11.90000E-03,-957.48749E-03,-54.09052E-03
-11.85000E-03,-1.01778899E+00,-94.29153E-03
-11.80000E-03,-1.03537693E+00,-129.46741E-03
-11.75000E-03,-1.05547743E+00,-174.69354E-03
-11.70000E-03,-1.03537693E+00,-134.49253E-03
-11.65000E-03,-1.03537693E+00,-134.49253E-03
-11.60000E-03,-1.03537693E+00,-54.09052E-03
-11.55000E-03,-1.03537693E+00,-8.86439E-03
-11.50000E-03,-1.03788950E+00,+26.31149E-03
-11.45000E-03,-1.03537693E+00,-13.88952E-03
-11.40000E-03,-1.03537693E+00,+26.31149E-03
-11.35000E-03,-1.01778899E+00,+71.53762E-03
-11.30000E-03,-1.03537693E+00,+106.71350E-03
-11.25000E-03,-1.01778899E+00,+106.71350E-03
-11.20000E-03,-1.03537693E+00,+26.31149E-03
-11.15000E-03,-1.05547743E+00,+71.53762E-03
-11.10000E-03,-1.03537693E+00,+106.71350E-03
-11.05000E-03,-1.03537693E+00,+71.53762E-03
-11.00000E-03,-997.68849E-03,+106.71350E-03
-10.95000E-03,-995.17593E-03,+71.53762E-03
-10.90000E-03,-997.68849E-03,+26.31149E-03
-10.85000E-03,-1.03537693E+00,-8.86439E-03
-10.80000E-03,-1.03537693E+00,+26.31149E-03
-10.75000E-03,-1.03537693E+00,-54.09052E-03
-10.70000E-03,-1.03537693E+00,-49.06540E-03
-10.65000E-03,-1.03537693E+00,-94.29153E-03
-10.60000E-03,-1.03537693E+00,-54.09052E-03
-10.55000E-03,-1.03788950E+00,-54.09052E-03
-10.50000E-03,-997.68849E-03,-129.46741E-03
-10.45000E-03,-1.03537693E+00,-54.09052E-03
-10.40000E-03,-995.17593E-03,-54.09052E-03
-10.35000E-03,-1.05799000E+00,-54.09052E-03
-10.30000E-03,-997.68849E-03,-54.09052E-03
-10.25000E-03,-995.17593E-03,-8.86439E-03
-10.20000E-03,-1.03537693E+00,-54.09052E-03
-10.15000E-03,-1.03537693E+00,-13.88952E-03
-10.10000E-03,-1.03537693E+00,+26.31149E-03
-10.05000E-03,-1.01527643E+00,+71.53762E-03
-10.00000E-03,-1.03537693E+00,-54.09052E-03
-9.95000E-03,-1.03537693E+00,+26.31149E-03
-9.90000E-03,-1.03537693E+00,+26.31149E-03
-9.85000E-03,-1.03537693E+00,+26.31149E-03
-9.80000E-03,-1.03537693E+00,+106.71350E-03
-9.75000E-03,-1.01527643E+00,+26.31149E-03
-9.70000E-03,-1.03537693E+00,+31.33661E-03
-9.65000E-03,-1.03537693E+00,+71.53762E-03
-9.60000E-03,-1.03537693E+00,+31.33661E-03
-9.55000E-03,-995.17593E-03,+71.53762E-03
-9.50000E-03,-1.03537693E+00,+106.71350E-03
-9.45000E-03,-995.17593E-03,+26.31149E-03
-9.40000E-03,-1.03537693E+00,+26.31149E-03
-9.35000E-03,-1.01527643E+00,-13.88952E-03
-9.30000E-03,-1.03537693E+00,-129.46741E-03
-9.25000E-03,-1.03537693E+00,-54.09052E-03
-9.20000E-03,-1.03537693E+00,-54.09052E-03
-9.15000E-03,-1.01778899E+00,-54.09052E-03
-9.10000E-03,-1.03537693E+00,-129.46741E-03
-9.05000E-03,-1.03537693E+00,-134.49253E-03
-9.00000E-03,-997.68849E-03,-54.09052E-03
-8.95000E-03,-995.17593E-03,-54.09052E-03
-8.90000E-03,-997.68849E-03,-129.46741E-03
-8.85000E-03,-995.17593E-03,-8.86439E-03
-8.80000E-03,-1.03537693E+00,-49.06540E-03
-8.75000E-03,-1.03537693E+00,-13.88952E-03
-8.70000E-03,-1.03537693E+00,+106.71350E-03
-8.65000E-03,-1.03537693E+00,-13.88952E-03
-8.60000E-03,-1.03537693E+00,+26.31149E-03
-8.55000E-03,-1.03537693E+00,+66.51249E-03
-8.50000E-03,-995.17593E-03,+106.71350E-03
-8.45000E-03,-1.01778899E+00,+26.31149E-03
-8.40000E-03,-997.68849E-03,+26.31149E-03
-8.35000E-03,-1.03537693E+00,+71.53762E-03
-8.30000E-03,-997.68849E-03,+26.31149E-03
-8.25000E-03,-1.03537693E+00,+26.31149E-03
-8.20000E-03,-1.03537693E+00,+26.31149E-03
-8.15000E-03,-1.03537693E+00,+71.53762E-03
-8.10000E-03,-1.07557794E+00,-54.09052E-03
-8.05000E-03,-1.03537693E+00,-13.88952E-03
-8.00000E-03,-1.03537693E+00,-54.09052E-03
-7.95000E-03,-1.01527643E+00,-54.09052E-03
-7.90000E-03,-1.03537693E+00,-54.09052E-03
-7.85000E-03,-1.03537693E+00,-54.09052E-03
-7.80000E-03,-1.03537693E+00,-54.09052E-03
-7.75000E-03,-1.03537693E+00,-54.09052E-03
-7.70000E-03,-997.68849E-03,-134.49253E-03
-7.65000E-03,-1.03537693E+00,-54.09052E-03
-7.60000E-03,-1.03537693E+00,-129.46741E-03
-7.55000E-03,-1.03537693E+00,-54.09052E-03
-7.50000E-03,-1.03537693E+00,+26.31149E-03
-7.45000E-03,-1.01778899E+00,-8.86439E-03
-7.40000E-03,-1.03537693E+00,+26.31149E-03
-7.35000E-03,-995.17593E-03,-13.88952E-03
-7.30000E-03,-1.03537693E+00,+106.71350E-03
-7.25000E-03,-1.03537693E+00,-8.86439E-03
-7.20000E-03,-1.03537693E+00,+106.71350E-03
-7.15000E-03,-1.01527643E+00,+26.31149E-03
-7.10000E-03,-1.03537693E+00,+26.31149E-03
-7.05000E-03,-1.01778899E+00,+26.31149E-03
-7.00000E-03,-1.03537693E+00,+26.31149E-03
-6.95000E-03,-1.01778899E+00,+66.51249E-03
-6.90000E-03,-997.68849E-03,-49.06540E-03
-6.85000E-03,-995.17593E-03,-89.26640E-03
-6.80000E-03,-997.68849E-03,+26.31149E-03
-6.75000E-03,-1.01527643E+00,-8.86439E-03
-6.70000E-03,-1.03537693E+00,-49.06540E-03
-6.65000E-03,-1.01778899E+00,-8.86439E-03
-6.60000E-03,-995.17593E-03,+26.31149E-03
-6.55000E-03,-1.01778899E+00,-89.26640E-03
-6.50000E-03,-1.03537693E+00,-54.09052E-03
-6.45000E-03,-1.03537693E+00,-54.09052E-03
-6.40000E-03,-1.03537693E+00,-54.09052E-03
-6.35000E-03,-1.01778899E+00,-54.09052E-03
-6.30000E-03,-1.03537693E+00,-54.09052E-03
-6.25000E-03,-1.01527643E+00,-8.86439E-03
-6.20000E-03,-1.03537693E+00,+26.31149E-03
-6.15000E-03,-995.17593E-03,-8.86439E-03
-6.10000E-03,-997.68849E-03,+26.31149E-03
-6.05000E-03,-1.01778899E+00,+26.31149E-03
-6.00000E-03,-1.03537693E+00,-54.09052E-03
-5.95000E-03,-1.01778899E+00,-13.88952E-03
-5.90000E-03,-1.03537693E+00,+26.31149E-03
-5.85000E-03,-1.03537693E+00,+26.31149E-03
-5.80000E-03,-1.03788950E+00,+26.31149E-03
-5.75000E-03,-1.01527643E+00,-13.88952E-03
-5.70000E-03,-1.03537693E+00,-49.06540E-03
-5.65000E-03,-1.03537693E+00,-8.86439E-03
-5.60000E-03,-1.03537693E+00,-49.06540E-03
-5.55000E-03,-1.03537693E+00,+26.31149E-03
-5.50000E-03,-995.17593E-03,-49.06540E-03
-5.45000E-03,-995.17593E-03,-8.86439E-03
-5.40000E-03,-1.03537693E+00,+106.71350E-03
-5.35000E-03,-1.01778899E+00,-54.09052E-03
-5.30000E-03,-1.03537693E+00,-49.06540E-03
-5.25000E-03,-1.01527643E+00,+31.33661E-03
-5.20000E-03,-1.03537693E+00,-54.09052E-03
-5.15000E-03,-1.01527643E+00,-8.86439E-03
-5.10000E-03,-997.68849E-03,-54.09052E-03
-5.05000E-03,-1.03537693E+00,-54.09052E-03
-5.00000E-03,-1.03537693E+00,-49.06540E-03
-4.95000E-03,-1.01778899E+00,-54.09052E-03
-4.90000E-03,-1.03537693E+00,-49.06540E-03
-4.85000E-03,-1.03537693E+00,-8.86439E-03
-4.80000E-03,-1.03537693E+00,-49.06540E-03
-4.75000E-03,-1.03537693E+00,-13.88952E-03
-4.70000E-03,-995.17593E-03,-54.09052E-03
-4.65000E-03,-1.01527643E+00,+26.31149E-03
-4.60000E-03,-1.03537693E+00,-54.09052E-03
-4.55000E-03,-1.01778899E+00,+26.31149E-03
-4.50000E-03,-1.03537693E+00,+26.31149E-03
-4.45000E-03,-1.01778899E+00,-13.88952E-03
-4.40000E-03,-1.03537693E+00,+26.31149E-03
-4.35000E-03,-1.01778899E+00,-13.88952E-03
-4.30000E-03,-997.68849E-03,-49.06540E-03
-4.25000E-03,-1.03537693E+00,+26.31149E-03
-4.20000E-03,-1.03537693E+00,-49.06540E-03
-4.15000E-03,-1.01778899E+00,-54.09052E-03
-4.10000E-03,-1.03788950E+00,+26.31149E-03
-4.05000E-03,-1.03537693E+00,-8.86439E-03
-4.00000E-03,-1.03537693E+00,+26.31149E-03
-3.95000E-03,-1.05547743E+00,+26.31149E-03
-3.90000E-03,-1.03537693E+00,-49.06540E-03
-3.85000E-03,-1.03537693E+00,-54.09052E-03
-3.80000E-03,-997.68849E-03,+26.31149E-03
-3.75000E-03,-1.01527643E+00,-94.29153E-03
-3.70000E-03,-1.03537693E+00,-129.46741E-03
-3.65000E-03,-1.03537693E+00,-54.09052E-03
-3.60000E-03,-1.03537693E+00,+26.31149E-03
-3.55000E-03,-1.01527643E+00,-13.88952E-03
-3.50000E-03,-1.03537693E+00,+26.31149E-03
-3.45000E-03,-1.03537693E+00,-13.88952E-03
-3.40000E-03,-1.03537693E+00,-54.09052E-03
-3.35000E-03,-1.01527643E+00,-54.09052E-03
-3.30000E-03,-1.03788950E+00,+26.31149E-03
-3.25000E-03,-1.01778899E+00,+26.31149E-03
-3.20000E-03,-1.03537693E+00,-49.06540E-03
-3.15000E-03,-995.17593E-03,-8.86439E-03
-3.10000E-03,-1.03537693E+00,+26.31149E-03
-3.05000E-03,-1.01778899E+00,-8.86439E-03
-3.00000E-03,-1.03788950E+00,-54.09052E-03
-2.95000E-03,-1.01527643E+00,-8.86439E-03
-2.90000E-03,-1.03537693E+00,-54.09052E-03
-2.85000E-03,-1.01527643E+00,+26.31149E-03
-2.80000E-03,-1.03537693E+00,+26.31149E-03
-2.75000E-03,-1.03537693E+00,+26.31149E-03
-2.70000E-03,-1.03537693E+00,+26.31149E-03
-2.65000E-03,-1.01527643E+00,+26.31149E-03
-2.60000E-03,-1.03788950E+00,-49.06540E-03
-2.55000E-03,-1.03537693E+00,-13.88952E-03
-2.50000E-03,-1.03788950E+00,-49.06540E-03
-2.45000E-03,-995.17593E-03,-54.09052E-03
-2.40000E-03,-1.03537693E+00,-49.06540E-03
-2.35000E-03,-1.01778899E+00,-13.88952E-03
-2.30000E-03,-1.03537693E+00,-54.09052E-03
-2.25000E-03,-1.03537693E+00,-54.09052E-03
-2.20000E-03,-1.03537693E+00,-54.09052E-03
-2.15000E-03,-1.01778899E+00,-13.88952E-03
-2.10000E-03,-997.68849E-03,+26.31149E-03
-2.05000E-03,-1.05547743E+00,-13.88952E-03
-2.00000E-03,-1.03788950E+00,-49.06540E-03
-1.95000E-03,-1.03537693E+00,-8.86439E-03
-1.90000E-03,-1.03537693E+00,-49.06540E-03
-1.85000E-03,-1.01527643E+00,+26.31149E-03
-1.80000E-03,-997.68849E-03,-49.06540E-03
-1.75000E-03,-1.01527643E+00,+26.31149E-03
-1.70000E-03,-1.03537693E+00,+26.31149E-03
-1.65000E-03,-1.03537693E+00,+26.31149E-03
-1.60000E-03,-997.68849E-03,+26.31149E-03
-1.55000E-03,-1.01778899E+00,+26.31149E-03
-1.50000E-03,-1.03537693E+00,-54.09052E-03
-1.45000E-03,-1.03537693E+00,+71.53762E-03
-1.40000E-03,-1.03537693E+00,+26.31149E-03
-1.35000E-03,-1.01778899E+00,-8.86439E-03
-1.30000E-03,-1.03537693E+00,-49.06540E-03
-1.25000E-03,-1.03537693E+00,-8.86439E-03
-1.20000E-03,-1.03537693E+00,-49.06540E-03
-1.15000E-03,-1.01778899E+00,-54.09052E-03
-1.10000E-03,-1.03537693E+00,+26.31149E-03
-1.05000E-03,-1.01778899E+00,-8.86439E-03
-1.00000E-03,-1.03537693E+00,-54.09052E-03
-950.00E-06,-1.05799000E+00,-54.09052E-03
-900.00E-06,-1.03537693E+00,-129.46741E-03
-850.00E-06,-1.05799000E+00,-8.86439E-03
-800.00E-06,-1.03537693E+00,-54.09052E-03
-750.00E-06,-1.01527643E+00,+26.31149E-03
-700.00E-06,-997.68849E-03,+26.31149E-03
-650.00E-06,-1.01527643E+00,-8.86439E-03
-600.00E-06,-1.03537693E+00,-49.06540E-03
-550.00E-06,-1.01527643E+00,-8.86439E-03
-500.00E-06,-1.03537693E+00,-49.06540E-03
-450.00E-06,-1.01778899E+00,-13.88952E-03
-400.00E-06,-995.17593E-03,+26.31149E-03
-350.00E-06,-1.01778899E+00,-13.88952E-03
-300.00E-06,-1.07557794E+00,-49.06540E-03
-250.00E-06,-1.01527643E+00,-8.86439E-03
-200.00E-06,-1.07557794E+00,-49.06540E-03
-150.00E-06,-1.01778899E+00,+26.31149E-03
-100.00E-06,-995.17593E-03,+26.31149E-03
-50.00E-06,-1.01778899E+00,-13.88952E-03
+0.0E+00,+934.47229E-03,-74.19102E-03
+50.00E-06,+992.26124E-03,-2.42092467E+00
+100.00E-06,+974.67330E-03,-2.78775883E+00
+150.00E-06,+974.67330E-03,-2.82293471E+00
+200.00E-06,+974.67330E-03,-2.70735683E+00
+250.00E-06,+994.77380E-03,-2.66213070E+00
+300.00E-06,+934.47229E-03,-2.22494477E+00
+350.00E-06,+974.67330E-03,-2.02393975E+00
+400.00E-06,+974.67330E-03,-1.57670357E+00
+450.00E-06,+994.77380E-03,-938.51262E-03
+500.00E-06,+974.67330E-03,-370.67343E-03
+550.00E-06,+974.67330E-03,+187.11551E-03
+600.00E-06,+934.47229E-03,+754.95470E-03
+650.00E-06,+972.16073E-03,+1.35294464E+00
+700.00E-06,+1.01236174E+00,+1.87555770E+00
+750.00E-06,+974.67330E-03,+2.16198986E+00
+800.00E-06,+974.67330E-03,+2.27756774E+00
+850.00E-06,+994.77380E-03,+2.31776875E+00
+900.00E-06,+974.67330E-03,+2.20219086E+00
+950.00E-06,+974.67330E-03,+2.28259287E+00
+1.00000E-03,+974.67330E-03,+1.95595971E+00
+1.05000E-03,+974.67330E-03,+1.63435167E+00
+1.10000E-03,+974.67330E-03,+1.23234162E+00
+1.15000E-03,+1.01487430E+00,+795.15570E-03
+1.20000E-03,+1.01487430E+00,+267.51751E-03
+1.25000E-03,+952.06023E-03,-250.07042E-03
+1.30000E-03,+974.67330E-03,-616.90459E-03
+1.35000E-03,+992.26124E-03,-1.09931664E+00
+1.40000E-03,+974.67330E-03,-1.42092468E+00
+1.45000E-03,+994.77380E-03,-1.74253272E+00
+1.50000E-03,+934.47229E-03,-1.90333673E+00
+1.55000E-03,+952.06023E-03,-2.06916588E+00
+1.60000E-03,+974.67330E-03,-2.13951764E+00
+1.65000E-03,+1.01236174E+00,-1.85811060E+00
+1.70000E-03,+1.01236174E+00,-1.50132669E+00
+1.75000E-03,+974.67330E-03,-1.26012066E+00
+1.80000E-03,+974.67330E-03,-938.51262E-03
+1.85000E-03,+974.67330E-03,-536.50258E-03
+1.90000E-03,+974.67330E-03,-134.49253E-03
+1.95000E-03,+1.01487430E+00,+312.74364E-03
+2.00000E-03,+974.67330E-03,+749.92957E-03
+2.05000E-03,+1.01487430E+00,+991.13560E-03
+2.10000E-03,+974.67330E-03,+1.39314564E+00
+2.15000E-03,+974.67330E-03,+1.55394966E+00
+2.20000E-03,+974.67330E-03,+1.63937680E+00
+2.25000E-03,+992.26124E-03,+1.71475368E+00
+2.30000E-03,+974.67330E-03,+1.71475368E+00
+2.35000E-03,+994.77380E-03,+1.47354765E+00
+2.40000E-03,+974.67330E-03,+1.23736675E+00
+2.45000E-03,+992.26124E-03,+1.11173861E+00
+2.50000E-03,+974.67330E-03,+749.92957E-03
+2.55000E-03,+974.67330E-03,+347.91952E-03
+2.60000E-03,+974.67330E-03,+106.71350E-03
+2.65000E-03,+994.77380E-03,-295.29655E-03
+2.70000E-03,+1.01236174E+00,-616.90459E-03
+2.75000E-03,+974.67330E-03,-938.51262E-03
+2.80000E-03,+974.67330E-03,-1.17971865E+00
+2.85000E-03,+974.67330E-03,-1.29529654E+00
+2.90000E-03,+974.67330E-03,-1.50132669E+00
+2.95000E-03,+974.67330E-03,-1.29529654E+00
+3.00000E-03,+974.67330E-03,-1.57670357E+00
+3.05000E-03,+994.77380E-03,-1.29529654E+00
+3.10000E-03,+974.67330E-03,-1.09931664E+00
+3.15000E-03,+1.03246224E+00,-812.88448E-03
+3.20000E-03,+934.47229E-03,-611.87946E-03
+3.25000E-03,+974.67330E-03,-290.27142E-03
+3.30000E-03,+974.67330E-03,+106.71350E-03
+3.35000E-03,+992.26124E-03,+312.74364E-03
+3.40000E-03,+972.16073E-03,+594.15068E-03
+3.45000E-03,+974.67330E-03,+830.33158E-03
+3.50000E-03,+974.67330E-03,+991.13560E-03
+3.55000E-03,+992.26124E-03,+1.23234162E+00
+3.60000E-03,+974.67330E-03,+1.23234162E+00
+3.65000E-03,+974.67330E-03,+1.23234162E+00
+3.70000E-03,+974.67330E-03,+1.07656273E+00
+3.75000E-03,+954.57279E-03,+1.03133660E+00
+3.80000E-03,+974.67330E-03,+910.73359E-03
+3.85000E-03,+1.01487430E+00,+589.12555E-03
+3.90000E-03,+974.67330E-03,+347.91952E-03
+3.95000E-03,+952.06023E-03,+187.11551E-03
+4.00000E-03,+974.67330E-03,-134.49253E-03
+4.05000E-03,+972.16073E-03,-335.49755E-03
+4.10000E-03,+974.67330E-03,-611.87946E-03
+4.15000E-03,+992.26124E-03,-777.70860E-03
+4.20000E-03,+974.67330E-03,-933.48750E-03
+4.25000E-03,+994.77380E-03,-1.01891463E+00
+4.30000E-03,+1.01236174E+00,-1.01891463E+00
+4.35000E-03,+974.67330E-03,-1.05409051E+00
+4.40000E-03,+974.67330E-03,-933.48750E-03
+4.45000E-03,+1.01487430E+00,-812.88448E-03
+4.50000E-03,+974.67330E-03,-692.28147E-03
+4.55000E-03,+992.26124E-03,-536.50258E-03
+4.60000E-03,+972.16073E-03,-295.29655E-03
+4.65000E-03,+994.77380E-03,-8.86439E-03
+4.70000E-03,+974.67330E-03,+106.71350E-03
+4.75000E-03,+1.01487430E+00,+312.74364E-03
+4.80000E-03,+974.67330E-03,+589.12555E-03
+4.85000E-03,+992.26124E-03,+714.75369E-03
+4.90000E-03,+974.67330E-03,+749.92957E-03
+4.95000E-03,+1.01487430E+00,+830.33158E-03
+5.00000E-03,+1.01236174E+00,+830.33158E-03
+5.05000E-03,+974.67330E-03,+870.53258E-03
+5.10000E-03,+974.67330E-03,+749.92957E-03
+5.15000E-03,+1.01487430E+00,+669.52756E-03
+5.20000E-03,+974.67330E-03,+513.74867E-03
+5.25000E-03,+994.77380E-03,+347.91952E-03
+5.30000E-03,+934.47229E-03,+187.11551E-03
+5.35000E-03,+974.67330E-03,-8.86439E-03
+5.40000E-03,+974.67330E-03,-134.49253E-03
+5.45000E-03,+974.67330E-03,-330.47243E-03
+5.50000E-03,+1.01236174E+00,-456.10057E-03
+5.55000E-03,+974.67330E-03,-571.67846E-03
+5.60000E-03,+974.67330E-03,-697.30660E-03
+5.65000E-03,+994.77380E-03,-732.48247E-03
+5.70000E-03,+974.67330E-03,-772.68348E-03
+5.75000E-03,+974.67330E-03,-657.10559E-03
+5.80000E-03,+974.67330E-03,-616.90459E-03
+5.85000E-03,+974.67330E-03,-536.50258E-03
+5.90000E-03,+974.67330E-03,-531.47745E-03
+5.95000E-03,+974.67330E-03,-295.29655E-03
+6.00000E-03,+974.67330E-03,-54.09052E-03
+6.05000E-03,+952.06023E-03,+26.31149E-03
+6.10000E-03,+974.67330E-03,+111.73862E-03
+6.15000E-03,+974.67330E-03,+307.71852E-03
+6.20000E-03,+974.67330E-03,+508.72354E-03
+6.25000E-03,+952.06023E-03,+553.94967E-03
+6.30000E-03,+974.67330E-03,+669.52756E-03
+6.35000E-03,+974.67330E-03,+589.12555E-03
+6.40000E-03,+1.01487430E+00,+669.52756E-03
+6.45000E-03,+974.67330E-03,+548.92455E-03
+6.50000E-03,+1.01236174E+00,+589.12555E-03
+6.55000E-03,+974.67330E-03,+388.12053E-03
+6.60000E-03,+974.67330E-03,+347.91952E-03
+6.65000E-03,+974.67330E-03,+151.93963E-03
+6.70000E-03,+974.67330E-03,+106.71350E-03
+6.75000E-03,+974.67330E-03,-54.09052E-03
+6.80000E-03,+974.67330E-03,-134.49253E-03
+6.85000E-03,+974.67330E-03,-330.47243E-03
+6.90000E-03,+974.67330E-03,-375.69856E-03
+6.95000E-03,+974.67330E-03,-491.27645E-03
+7.00000E-03,+974.67330E-03,-536.50258E-03
+7.05000E-03,+992.26124E-03,-536.50258E-03
+7.10000E-03,+1.01236174E+00,-456.10057E-03
+7.15000E-03,+974.67330E-03,-496.30157E-03
+7.20000E-03,+974.67330E-03,-375.69856E-03
+7.25000E-03,+992.26124E-03,-375.69856E-03
+7.30000E-03,+974.67330E-03,-134.49253E-03
+7.35000E-03,+994.77380E-03,-129.46741E-03
+7.40000E-03,+972.16073E-03,-54.09052E-03
+7.45000E-03,+974.67330E-03,+106.71350E-03
+7.50000E-03,+974.67330E-03,+187.11551E-03
+7.55000E-03,+974.67330E-03,+312.74364E-03
+7.60000E-03,+974.67330E-03,+347.91952E-03
+7.65000E-03,+974.67330E-03,+388.12053E-03
+7.70000E-03,+974.67330E-03,+428.32153E-03
+7.75000E-03,+974.67330E-03,+428.32153E-03
+7.80000E-03,+974.67330E-03,+508.72354E-03
+7.85000E-03,+1.01487430E+00,+388.12053E-03
+7.90000E-03,+974.67330E-03,+267.51751E-03
+7.95000E-03,+974.67330E-03,+267.51751E-03
+8.00000E-03,+934.47229E-03,+111.73862E-03
+8.05000E-03,+992.26124E-03,+106.71350E-03
+8.10000E-03,+974.67330E-03,-49.06540E-03
+8.15000E-03,+994.77380E-03,-134.49253E-03
+8.20000E-03,+974.67330E-03,-214.89454E-03
+8.25000E-03,+992.26124E-03,-295.29655E-03
+8.30000E-03,+974.67330E-03,-370.67343E-03
+8.35000E-03,+1.01487430E+00,-375.69856E-03
+8.40000E-03,+1.01236174E+00,-375.69856E-03
+8.45000E-03,+994.77380E-03,-375.69856E-03
+8.50000E-03,+934.47229E-03,-375.69856E-03
+8.55000E-03,+974.67330E-03,-295.29655E-03
+8.60000E-03,+934.47229E-03,-214.89454E-03
+8.65000E-03,+994.77380E-03,-214.89454E-03
+8.70000E-03,+934.47229E-03,-134.49253E-03
+8.75000E-03,+974.67330E-03,-89.26640E-03
+8.80000E-03,+974.67330E-03,+26.31149E-03
+8.85000E-03,+1.01487430E+00,+187.11551E-03
+8.90000E-03,+974.67330E-03,+187.11551E-03
+8.95000E-03,+992.26124E-03,+227.31651E-03
+9.00000E-03,+974.67330E-03,+272.54264E-03
+9.05000E-03,+952.06023E-03,+347.91952E-03
+9.10000E-03,+1.01236174E+00,+347.91952E-03
+9.15000E-03,+1.01487430E+00,+312.74364E-03
+9.20000E-03,+974.67330E-03,+347.91952E-03
+9.25000E-03,+974.67330E-03,+267.51751E-03
+9.30000E-03,+1.01236174E+00,+187.11551E-03
+9.35000E-03,+952.06023E-03,+71.53762E-03
+9.40000E-03,+1.01487430E+00,+106.71350E-03
+9.45000E-03,+992.26124E-03,-54.09052E-03
+9.50000E-03,+1.01236174E+00,-129.46741E-03
+9.55000E-03,+974.67330E-03,-134.49253E-03
+9.60000E-03,+1.01236174E+00,-129.46741E-03
+9.65000E-03,+972.16073E-03,-214.89454E-03
+9.70000E-03,+1.01487430E+00,-214.89454E-03
+9.75000E-03,+974.67330E-03,-295.29655E-03
+9.80000E-03,+974.67330E-03,-290.27142E-03
+9.85000E-03,+974.67330E-03,-295.29655E-03
+9.90000E-03,+974.67330E-03,-290.27142E-03
+9.95000E-03,+974.67330E-03,-214.89454E-03
+10.00000E-03,+974.67330E-03,-134.49253E-03
+10.05000E-03,+974.67330E-03,-134.49253E-03
+10.10000E-03,+972.16073E-03,-54.09052E-03
+10.15000E-03,+974.67330E-03,+26.31149E-03
+10.20000E-03,+974.67330E-03,+106.71350E-03
+10.25000E-03,+974.67330E-03,+187.11551E-03
+10.30000E-03,+974.67330E-03,+111.73862E-03
+10.35000E-03,+992.26124E-03,+187.11551E-03
+10.40000E-03,+974.67330E-03,+187.11551E-03
+10.45000E-03,+992.26124E-03,+227.31651E-03
+10.50000E-03,+934.47229E-03,+267.51751E-03
+10.55000E-03,+974.67330E-03,+187.11551E-03
+10.60000E-03,+1.01236174E+00,+187.11551E-03
+10.65000E-03,+974.67330E-03,+187.11551E-03
+10.70000E-03,+974.67330E-03,+106.71350E-03
+10.75000E-03,+974.67330E-03,+26.31149E-03
+10.80000E-03,+1.05256274E+00,+26.31149E-03
+10.85000E-03,+992.26124E-03,-54.09052E-03
+10.90000E-03,+1.01236174E+00,-129.46741E-03
+10.95000E-03,+992.26124E-03,-134.49253E-03
+11.00000E-03,+1.01236174E+00,-134.49253E-03
+11.05000E-03,+992.26124E-03,-214.89454E-03
+11.10000E-03,+972.16073E-03,-134.49253E-03
+11.15000E-03,+994.77380E-03,-174.69354E-03
+11.20000E-03,+974.67330E-03,-209.86942E-03
+11.25000E-03,+994.77380E-03,-174.69354E-03
+11.30000E-03,+1.01487430E+00,-134.49253E-03
+11.35000E-03,+994.77380E-03,-134.49253E-03
+11.40000E-03,+1.01487430E+00,-54.09052E-03
+11.45000E-03,+994.77380E-03,-54.09052E-03
+11.50000E-03,+1.01236174E+00,-54.09052E-03
+11.55000E-03,+994.77380E-03,+31.33661E-03
+11.60000E-03,+974.67330E-03,+31.33661E-03
+11.65000E-03,+974.67330E-03,+146.91450E-03
+11.70000E-03,+974.67330E-03,+106.71350E-03
+11.75000E-03,+974.67330E-03,+151.93963E-03
+11.80000E-03,+974.67330E-03,+187.11551E-03
+11.85000E-03,+974.67330E-03,+146.91450E-03
+11.90000E-03,+974.67330E-03,+106.71350E-03
+11.95000E-03,+974.67330E-03,+146.91450E-03
+12.00000E-03,+974.67330E-03,+106.71350E-03
+12.05000E-03,+974.67330E-03,+66.51249E-03
+12.10000E-03,+1.01487430E+00,+26.31149E-03
+12.15000E-03,+994.77380E-03,+66.51249E-03
+12.20000E-03,+974.67330E-03,-129.46741E-03
+12.25000E-03,+972.16073E-03,-89.26640E-03
+12.30000E-03,+972.16073E-03,-134.49253E-03
+12.35000E-03,+974.67330E-03,-174.69354E-03
+12.40000E-03,+974.67330E-03,-209.86942E-03
+12.45000E-03,+974.67330E-03,-94.29153E-03
+12.50000E-03,+974.67330E-03,-214.89454E-03
+12.55000E-03,+974.67330E-03,-169.66841E-03
+12.60000E-03,+1.01487430E+00,-54.09052E-03
+12.65000E-03,+994.77380E-03,-54.09052E-03
+12.70000E-03,+974.67330E-03,+26.31149E-03
+12.75000E-03,+994.77380E-03,-54.09052E-03
+12.80000E-03,+974.67330E-03,-54.09052E-03
+12.85000E-03,+974.67330E-03,-54.09052E-03
+12.90000E-03,+974.67330E-03,+26.31149E-03
+12.95000E-03,+974.67330E-03,+66.51249E-03
+13.00000E-03,+974.67330E-03,+106.71350E-03
+13.05000E-03,+994.77380E-03,+106.71350E-03
+13.10000E-03,+974.67330E-03,+106.71350E-03
+13.15000E-03,+974.67330E-03,+66.51249E-03
+13.20000E-03,+974.67330E-03,+106.71350E-03
+13.25000E-03,+992.26124E-03,+106.71350E-03
+13.30000E-03,+972.16073E-03,+106.71350E-03
+13.35000E-03,+994.77380E-03,+106.71350E-03
+13.40000E-03,+974.67330E-03,+26.31149E-03
+13.45000E-03,+974.67330E-03,+26.31149E-03
+13.50000E-03,+974.67330E-03,+26.31149E-03
+13.55000E-03,+994.77380E-03,+26.31149E-03
+13.60000E-03,+1.01236174E+00,+26.31149E-03
+13.65000E-03,+972.16073E-03,-54.09052E-03
+13.70000E-03,+1.01236174E+00,-54.09052E-03
+13.75000E-03,+994.77380E-03,-89.26640E-03
+13.80000E-03,+974.67330E-03,-134.49253E-03
+13.85000E-03,+974.67330E-03,-134.49253E-03
+13.90000E-03,+974.67330E-03,-129.46741E-03
+13.95000E-03,+994.77380E-03,-94.29153E-03
+14.00000E-03,+972.16073E-03,-54.09052E-03
+14.05000E-03,+972.16073E-03,-94.29153E-03
+14.10000E-03,+974.67330E-03,-54.09052E-03
+14.15000E-03,+974.67330E-03,-13.88952E-03
+14.20000E-03,+1.01236174E+00,+26.31149E-03
+14.25000E-03,+974.67330E-03,+71.53762E-03
+14.30000E-03,+974.67330E-03,+26.31149E-03
+14.35000E-03,+974.67330E-03,+71.53762E-03
+14.40000E-03,+974.67330E-03,+106.71350E-03
+14.45000E-03,+974.67330E-03,+71.53762E-03
+14.50000E-03,+974.67330E-03,+106.71350E-03
+14.55000E-03,+994.77380E-03,+71.53762E-03
+14.60000E-03,+1.01236174E+00,+106.71350E-03
+14.65000E-03,+974.67330E-03,+26.31149E-03
+14.70000E-03,+1.01487430E+00,+106.71350E-03
+14.75000E-03,+992.26124E-03,-13.88952E-03
+14.80000E-03,+974.67330E-03,-49.06540E-03
+14.85000E-03,+1.01487430E+00,-8.86439E-03
+14.90000E-03,+974.67330E-03,+26.31149E-03
+14.95000E-03,+974.67330E-03,+26.31149E-03
+15.00000E-03,+974.67330E-03,-54.09052E-03
+15.05000E-03,+974.67330E-03,-94.29153E-03
+15.10000E-03,+1.01236174E+00,-54.09052E-03
+15.15000E-03,+992.26124E-03,-54.09052E-03
+15.20000E-03,+974.67330E-03,-54.09052E-03
+15.25000E-03,+974.67330E-03,-89.26640E-03
+15.30000E-03,+974.67330E-03,-54.09052E-03
+15.35000E-03,+974.67330E-03,-13.88952E-03
+15.40000E-03,+974.67330E-03,-54.09052E-03
+15.45000E-03,+992.26124E-03,-13.88952E-03
+15.50000E-03,+1.01236174E+00,+26.31149E-03
+15.55000E-03,+934.47229E-03,-49.06540E-03
+15.60000E-03,+974.67330E-03,+26.31149E-03
+15.65000E-03,+1.01487430E+00,-13.88952E-03
+15.70000E-03,+974.67330E-03,-54.09052E-03
+15.75000E-03,+974.67330E-03,+71.53762E-03
+15.80000E-03,+974.67330E-03,+31.33661E-03
+15.85000E-03,+994.77380E-03,+66.51249E-03
+15.90000E-03,+934.47229E-03,+106.71350E-03
+15.95000E-03,+974.67330E-03,+71.53762E-03
+16.00000E-03,+1.01487430E+00,+26.31149E-03
+16.05000E-03,+974.67330E-03,+26.31149E-03
+16.10000E-03,+1.01236174E+00,+106.71350E-03
+16.15000E-03,+974.67330E-03,+71.53762E-03
+16.20000E-03,+974.67330E-03,-49.06540E-03
+16.25000E-03,+974.67330E-03,-54.09052E-03
+16.30000E-03,+974.67330E-03,-54.09052E-03
+16.35000E-03,+974.67330E-03,-8.86439E-03
+16.40000E-03,+1.01236174E+00,-54.09052E-03
+16.45000E-03,+992.26124E-03,-13.88952E-03
+16.50000E-03,+1.01236174E+00,-49.06540E-03
+16.55000E-03,+954.57279E-03,-54.09052E-03
+16.60000E-03,+974.67330E-03,-54.09052E-03
+16.65000E-03,+974.67330E-03,-54.09052E-03
+16.70000E-03,+934.47229E-03,-49.06540E-03
+16.75000E-03,+974.67330E-03,-54.09052E-03
+16.80000E-03,+972.16073E-03,-54.09052E-03
+16.85000E-03,+974.67330E-03,+26.31149E-03
+16.90000E-03,+974.67330E-03,+26.31149E-03
+16.95000E-03,+994.77380E-03,-8.86439E-03
+17.00000E-03,+1.01236174E+00,+26.31149E-03
+17.05000E-03,+954.57279E-03,-13.88952E-03
+17.10000E-03,+974.67330E-03,+26.31149E-03
+17.15000E-03,+1.01487430E+00,+66.51249E-03
+17.20000E-03,+1.01236174E+00,-49.06540E-03
+17.25000E-03,+974.67330E-03,+26.31149E-03
+17.30000E-03,+1.01487430E+00,+31.33661E-03
+17.35000E-03,+974.67330E-03,+26.31149E-03
+17.40000E-03,+974.67330E-03,+106.71350E-03
+17.45000E-03,+974.67330E-03,-8.86439E-03
+17.50000E-03,+974.67330E-03,+26.31149E-03
+17.55000E-03,+992.26124E-03,-54.09052E-03
+17.60000E-03,+974.67330E-03,-54.09052E-03
+17.65000E-03,+1.01487430E+00,-8.86439E-03
+17.70000E-03,+1.01236174E+00,-54.09052E-03
+17.75000E-03,+992.26124E-03,-13.88952E-03
+17.80000E-03,+974.67330E-03,-54.09052E-03
+17.85000E-03,+974.67330E-03,-54.09052E-03
+17.90000E-03,+974.67330E-03,-49.06540E-03
+17.95000E-03,+974.67330E-03,-54.09052E-03
+18.00000E-03,+974.67330E-03,-54.09052E-03
+18.05000E-03,+974.67330E-03,-13.88952E-03
+18.10000E-03,+974.67330E-03,-129.46741E-03
+18.15000E-03,+1.01487430E+00,-89.26640E-03
+18.20000E-03,+1.01236174E+00,-49.06540E-03
+18.25000E-03,+974.67330E-03,-13.88952E-03
+18.30000E-03,+974.67330E-03,+31.33661E-03
+18.35000E-03,+972.16073E-03,+31.33661E-03
+18.40000E-03,+974.67330E-03,+31.33661E-03
+18.45000E-03,+974.67330E-03,-8.86439E-03
+18.50000E-03,+974.67330E-03,-49.06540E-03
+18.55000E-03,+992.26124E-03,+71.53762E-03
+18.60000E-03,+1.01236174E+00,+26.31149E-03
+18.65000E-03,+974.67330E-03,+71.53762E-03
+18.70000E-03,+934.47229E-03,+26.31149E-03
+18.75000E-03,+992.26124E-03,+66.51249E-03
+18.80000E-03,+974.67330E-03,-49.06540E-03
+18.85000E-03,+1.01487430E+00,-54.09052E-03
+18.90000E-03,+1.01236174E+00,+26.31149E-03
+18.95000E-03,+974.67330E-03,-8.86439E-03
+19.00000E-03,+974.67330E-03,-54.09052E-03
+19.05000E-03,+1.03497480E+00,-13.88952E-03
+19.10000E-03,+1.01236174E+00,-54.09052E-03
+19.15000E-03,+992.26124E-03,-13.88952E-03
+19.20000E-03,+974.67330E-03,-54.09052E-03
+19.25000E-03,+954.57279E-03,-54.09052E-03
+19.30000E-03,+974.67330E-03,-54.09052E-03
+19.35000E-03,+934.47229E-03,-94.29153E-03
+19.40000E-03,+974.67330E-03,+26.31149E-03
+19.45000E-03,+974.67330E-03,-8.86439E-03
+19.50000E-03,+1.01236174E+00,+26.31149E-03
+19.55000E-03,+1.01487430E+00,-13.88952E-03
+19.60000E-03,+934.47229E-03,-54.09052E-03
+19.65000E-03,+992.26124E-03,-54.09052E-03
+19.70000E-03,+1.01236174E+00,-49.06540E-03
+19.75000E-03,+974.67330E-03,-13.88952E-03
+19.80000E-03,+974.67330E-03,+26.31149E-03
+19.85000E-03,+992.26124E-03,+26.31149E-03
+19.90000E-03,+974.67330E-03,-49.06540E-03
+19.95000E-03,+974.67330E-03,+71.53762E-03
+20.00000E-03,+974.67330E-03,+26.31149E-03
+20.05000E-03,+994.77380E-03,+71.53762E-03
+20.10000E-03,+974.67330E-03,-49.06540E-03
+20.15000E-03,+1.01487430E+00,-54.09052E-03
+20.20000E-03,+974.67330E-03,+26.31149E-03
+20.25000E-03,+974.67330E-03,+26.31149E-03
+20.30000E-03,+1.01487430E+00,+26.31149E-03
+20.35000E-03,+974.67330E-03,+26.31149E-03
+20.40000E-03,+974.67330E-03,-54.09052E-03
+20.45000E-03,+992.26124E-03,-54.09052E-03
+20.50000E-03,+1.01236174E+00,-54.09052E-03
+20.55000E-03,+974.67330E-03,-13.88952E-03
+20.60000E-03,+1.01236174E+00,-54.09052E-03
+20.65000E-03,+994.77380E-03,-54.09052E-03
+20.70000E-03,+974.67330E-03,-49.06540E-03
+20.75000E-03,+974.67330E-03,-8.86439E-03
+20.80000E-03,+974.67330E-03,+26.31149E-03
+20.85000E-03,+974.67330E-03,-54.09052E-03
+20.90000E-03,+1.01487430E+00,+26.31149E-03
+20.95000E-03,+974.67330E-03,-8.86439E-03
+21.00000E-03,+974.67330E-03,-49.06540E-03
+21.05000E-03,+974.67330E-03,-8.86439E-03
+21.10000E-03,+1.01487430E+00,+26.31149E-03
+21.15000E-03,+974.67330E-03,+26.31149E-03
+21.20000E-03,+1.01236174E+00,+26.31149E-03
+21.25000E-03,+994.77380E-03,-54.09052E-03
+21.30000E-03,+974.67330E-03,+26.31149E-03
+21.35000E-03,+992.26124E-03,+26.31149E-03
+21.40000E-03,+974.67330E-03,-54.09052E-03
+21.45000E-03,+974.67330E-03,+26.31149E-03
+21.50000E-03,+1.01236174E+00,+26.31149E-03
+21.55000E-03,+954.57279E-03,+26.31149E-03
+21.60000E-03,+974.67330E-03,+26.31149E-03
+21.65000E-03,+994.77380E-03,-8.86439E-03
+21.70000E-03,+974.67330E-03,-54.09052E-03
+21.75000E-03,+992.26124E-03,-8.86439E-03
+21.80000E-03,+1.01236174E+00,-54.09052E-03
+21.85000E-03,+1.01487430E+00,-13.88952E-03
+21.90000E-03,+1.01236174E+00,+26.31149E-03
+21.95000E-03,+992.26124E-03,+66.51249E-03
+22.00000E-03,+974.67330E-03,-49.06540E-03
+22.05000E-03,+954.57279E-03,-8.86439E-03
+22.10000E-03,+934.47229E-03,-54.09052E-03
+22.15000E-03,+974.67330E-03,+26.31149E-03
+22.20000E-03,+974.67330E-03,+26.31149E-03
+22.25000E-03,+1.01487430E+00,+26.31149E-03
+22.30000E-03,+974.67330E-03,-49.06540E-03
+22.35000E-03,+994.77380E-03,+26.31149E-03
+22.40000E-03,+974.67330E-03,-54.09052E-03
+22.45000E-03,+994.77380E-03,-13.88952E-03
+22.50000E-03,+974.67330E-03,+26.31149E-03
+22.55000E-03,+974.67330E-03,-13.88952E-03
+22.60000E-03,+1.01236174E+00,+26.31149E-03
+22.65000E-03,+974.67330E-03,-13.88952E-03
+22.70000E-03,+974.67330E-03,+26.31149E-03
+22.75000E-03,+974.67330E-03,+26.31149E-03
+22.80000E-03,+1.01236174E+00,+26.31149E-03
+22.85000E-03,+992.26124E-03,+66.51249E-03
+22.90000E-03,+1.01236174E+00,-54.09052E-03
+22.95000E-03,+1.03497480E+00,-8.86439E-03
+23.00000E-03,+1.01236174E+00,-54.09052E-03
+23.05000E-03,+992.26124E-03,-54.09052E-03
+23.10000E-03,+1.01236174E+00,-129.46741E-03
+23.15000E-03,+952.06023E-03,-54.09052E-03
+23.20000E-03,+934.47229E-03,+26.31149E-03
+23.25000E-03,+992.26124E-03,-54.09052E-03
+23.30000E-03,+974.67330E-03,-54.09052E-03
+23.35000E-03,+974.67330E-03,+26.31149E-03
+23.40000E-03,+974.67330E-03,-54.09052E-03
+23.45000E-03,+992.26124E-03,+26.31149E-03
+23.50000E-03,+974.67330E-03,-54.09052E-03
+23.55000E-03,+992.26124E-03,-54.09052E-03
+23.60000E-03,+974.67330E-03,-54.09052E-03
+23.65000E-03,+974.67330E-03,-13.88952E-03
+23.70000E-03,+1.01236174E+00,-54.09052E-03
+23.75000E-03,+992.26124E-03,-54.09052E-03
+23.80000E-03,+974.67330E-03,-49.06540E-03
+23.85000E-03,+974.67330E-03,-13.88952E-03
+23.90000E-03,+974.67330E-03,+26.31149E-03
+23.95000E-03,+994.77380E-03,-54.09052E-03
+24.00000E-03,+1.01236174E+00,+26.31149E-03
+24.05000E-03,+1.01487430E+00,+26.31149E-03
+24.10000E-03,+1.01236174E+00,-49.06540E-03
+24.15000E-03,+952.06023E-03,+26.31149E-03
+24.20000E-03,+974.67330E-03,+106.71350E-03
+24.25000E-03,+974.67330E-03,-54.09052E-03
+24.30000E-03,+1.01236174E+00,+26.31149E-03
+24.35000E-03,+974.67330E-03,+26.31149E-03
+24.40000E-03,+974.67330E-03,+26.31149E-03
+24.45000E-03,+994.77380E-03,-8.86439E-03
+24.50000E-03,+974.67330E-03,+26.31149E-03
+24.55000E-03,+1.01487430E+00,-13.88952E-03
+24.60000E-03,+972.16073E-03,-54.09052E-03
+24.65000E-03,+974.67330E-03,-13.88952E-03
+24.70000E-03,+974.67330E-03,+26.31149E-03
+24.75000E-03,+974.67330E-03,+26.31149E-03
+24.80000E-03,+972.16073E-03,+26.31149E-03
+24.85000E-03,+974.67330E-03,-13.88952E-03
+24.90000E-03,+974.67330E-03,+26.31149E-03
+24.95000E-03,+974.67330E-03,-13.88952E-03
+25.00000E-03,+1.01236174E+00,-54.09052E-03
+25.05000E-03,-1.03537693E+00,+2.32279387E+00
+25.10000E-03,-1.03537693E+00,+2.75997980E+00
+25.15000E-03,-1.01527643E+00,+2.84038181E+00
+25.20000E-03,-995.17593E-03,+2.84038181E+00
+25.25000E-03,-1.03537693E+00,+2.68460292E+00
+25.30000E-03,-1.03537693E+00,+2.51877377E+00
+25.35000E-03,-1.05799000E+00,+2.07656272E+00
+25.40000E-03,-997.68849E-03,+1.71475368E+00
+25.45000E-03,-1.03537693E+00,+1.07153761E+00
+25.50000E-03,-1.03537693E+00,+508.72354E-03
+25.55000E-03,-995.17593E-03,-94.29153E-03
+25.60000E-03,-1.03537693E+00,-611.87946E-03
+25.65000E-03,-1.03788950E+00,-1.09931664E+00
+25.70000E-03,-1.03537693E+00,-1.58172870E+00
+25.75000E-03,-1.01778899E+00,-1.98373874E+00
+25.80000E-03,-1.03537693E+00,-2.06414075E+00
+25.85000E-03,-1.03537693E+00,-2.38574879E+00
+25.90000E-03,-1.03537693E+00,-2.14454276E+00
+25.95000E-03,-1.01527643E+00,-2.42092467E+00
+26.00000E-03,-1.03537693E+00,-1.74253272E+00
+26.05000E-03,-1.03537693E+00,-1.82293472E+00
+26.10000E-03,-1.03537693E+00,-1.41589955E+00
+26.15000E-03,-995.17593E-03,-858.11061E-03
+26.20000E-03,-995.17593E-03,-451.07544E-03
+26.25000E-03,-1.03537693E+00,+106.71350E-03
+26.30000E-03,-1.03537693E+00,+594.15068E-03
+26.35000E-03,-1.03537693E+00,+1.03636173E+00
+26.40000E-03,-997.68849E-03,+1.39314564E+00
+26.45000E-03,-1.05547743E+00,+1.75495468E+00
+26.50000E-03,-1.03537693E+00,+1.88058282E+00
+26.55000E-03,-1.05547743E+00,+1.92078383E+00
+26.60000E-03,-997.68849E-03,+2.03636172E+00
+26.65000E-03,-1.01527643E+00,+1.83535669E+00
+26.70000E-03,-1.03537693E+00,+1.71475368E+00
+26.75000E-03,-1.03537693E+00,+1.39314564E+00
+26.80000E-03,-1.07557794E+00,+1.07153761E+00
+26.85000E-03,-1.01527643E+00,+709.72857E-03
+26.90000E-03,-997.68849E-03,+347.91952E-03
+26.95000E-03,-1.03537693E+00,-54.09052E-03
+27.00000E-03,-997.68849E-03,-536.50258E-03
+27.05000E-03,-1.01527643E+00,-898.31162E-03
+27.10000E-03,-1.03537693E+00,-1.17971865E+00
+27.15000E-03,-1.03537693E+00,-1.46112568E+00
+27.20000E-03,-1.03537693E+00,-1.50132669E+00
+27.25000E-03,-1.01778899E+00,-1.66715583E+00
+27.30000E-03,-1.07557794E+00,-1.74253272E+00
+27.35000E-03,-1.03537693E+00,-1.74253272E+00
+27.40000E-03,-1.03537693E+00,-1.50132669E+00
+27.45000E-03,-1.01778899E+00,-1.13449252E+00
+27.50000E-03,-1.03537693E+00,-853.08549E-03
+27.55000E-03,-1.01778899E+00,-536.50258E-03
+27.60000E-03,-1.03537693E+00,-134.49253E-03
+27.65000E-03,-1.01778899E+00,+232.34164E-03
+27.70000E-03,-1.03537693E+00,+508.72354E-03
+27.75000E-03,-1.01527643E+00,+795.15570E-03
+27.80000E-03,-995.17593E-03,+991.13560E-03
+27.85000E-03,-1.01778899E+00,+1.23234162E+00
+27.90000E-03,-1.03537693E+00,+1.31274363E+00
+27.95000E-03,-1.01527643E+00,+1.39314564E+00
+28.00000E-03,-1.03537693E+00,+1.31776876E+00
+28.05000E-03,-1.01527643E+00,+1.23234162E+00
+28.10000E-03,-1.03788950E+00,+1.07656273E+00
+28.15000E-03,-1.03537693E+00,+790.13057E-03
+28.20000E-03,-1.03537693E+00,+589.12555E-03
+28.25000E-03,-1.01527643E+00,+347.91952E-03
+28.30000E-03,-997.68849E-03,+106.71350E-03
+28.35000E-03,-1.01778899E+00,-214.89454E-03
+28.40000E-03,-1.03537693E+00,-456.10057E-03
+28.45000E-03,-1.01778899E+00,-737.50760E-03
+28.50000E-03,-997.68849E-03,-858.11061E-03
+28.55000E-03,-995.17593E-03,-1.09931664E+00
+28.60000E-03,-1.03537693E+00,-1.17971865E+00
+28.65000E-03,-1.01778899E+00,-1.21489453E+00
+28.70000E-03,-1.07557794E+00,-1.17469353E+00
+28.75000E-03,-1.01778899E+00,-1.09931664E+00
+28.80000E-03,-1.07557794E+00,-938.51262E-03
+28.85000E-03,-1.03537693E+00,-732.48247E-03
+28.90000E-03,-1.03537693E+00,-531.47745E-03
+28.95000E-03,-1.05547743E+00,-250.07042E-03
+29.00000E-03,-1.03537693E+00,-49.06540E-03
+29.05000E-03,-1.03537693E+00,+227.31651E-03
+29.10000E-03,-1.03788950E+00,+508.72354E-03
+29.15000E-03,-1.03537693E+00,+634.35168E-03
+29.20000E-03,-1.03537693E+00,+830.33158E-03
+29.25000E-03,-1.01527643E+00,+955.95972E-03
+29.30000E-03,-995.17593E-03,+991.13560E-03
+29.35000E-03,-1.01527643E+00,+1.03133660E+00
+29.40000E-03,-1.07557794E+00,+915.75871E-03
+29.45000E-03,-1.03537693E+00,+910.73359E-03
+29.50000E-03,-1.03537693E+00,+749.92957E-03
+29.55000E-03,-1.03537693E+00,+553.94967E-03
+29.60000E-03,-1.07557794E+00,+347.91952E-03
+29.65000E-03,-1.01527643E+00,+106.71350E-03
+29.70000E-03,-1.03537693E+00,-49.06540E-03
+29.75000E-03,-1.03537693E+00,-295.29655E-03
+29.80000E-03,-1.03537693E+00,-456.10057E-03
+29.85000E-03,-1.03537693E+00,-616.90459E-03
+29.90000E-03,-1.03537693E+00,-777.70860E-03
+29.95000E-03,-1.01527643E+00,-777.70860E-03
+30.00000E-03,-997.68849E-03,-858.11061E-03
+30.05000E-03,-1.01527643E+00,-777.70860E-03
+30.10000E-03,-997.68849E-03,-777.70860E-03
+30.15000E-03,-1.01778899E+00,-732.48247E-03
+30.20000E-03,-1.03537693E+00,-536.50258E-03
+30.25000E-03,-1.01778899E+00,-491.27645E-03
+30.30000E-03,-997.68849E-03,-295.29655E-03
+30.35000E-03,-1.03537693E+00,-94.29153E-03
+30.40000E-03,-1.03537693E+00,+106.71350E-03
+30.45000E-03,-1.03537693E+00,+267.51751E-03
+30.50000E-03,-1.03537693E+00,+352.94465E-03
+30.55000E-03,-1.03537693E+00,+508.72354E-03
+30.60000E-03,-997.68849E-03,+589.12555E-03
+30.65000E-03,-1.03537693E+00,+749.92957E-03
+30.70000E-03,-995.17593E-03,+749.92957E-03
+30.75000E-03,-1.03537693E+00,+669.52756E-03
+30.80000E-03,-1.03788950E+00,+594.15068E-03
+30.85000E-03,-1.01778899E+00,+634.35168E-03
+30.90000E-03,-1.03537693E+00,+352.94465E-03
+30.95000E-03,-1.03537693E+00,+307.71852E-03
+31.00000E-03,-997.68849E-03,+187.11551E-03
+31.05000E-03,-1.01527643E+00,+26.31149E-03
+31.10000E-03,-1.03537693E+00,-134.49253E-03
+31.15000E-03,-1.01527643E+00,-255.09555E-03
+31.20000E-03,-997.68849E-03,-295.29655E-03
+31.25000E-03,-1.03537693E+00,-536.50258E-03
+31.30000E-03,-1.03537693E+00,-456.10057E-03
+31.35000E-03,-1.01778899E+00,-657.10559E-03
+31.40000E-03,-997.68849E-03,-616.90459E-03
+31.45000E-03,-1.01527643E+00,-611.87946E-03
+31.50000E-03,-997.68849E-03,-536.50258E-03
+31.55000E-03,-1.03537693E+00,-410.87444E-03
+31.60000E-03,-1.03537693E+00,-375.69856E-03
+31.65000E-03,-1.01778899E+00,-295.29655E-03
+31.70000E-03,-1.03537693E+00,-129.46741E-03
+31.75000E-03,-1.03537693E+00,-8.86439E-03
+31.80000E-03,-997.68849E-03,+31.33661E-03
+31.85000E-03,-1.01778899E+00,+267.51751E-03
+31.90000E-03,-1.03537693E+00,+347.91952E-03
+31.95000E-03,-1.03537693E+00,+393.14565E-03
+32.00000E-03,-1.03537693E+00,+589.12555E-03
+32.05000E-03,-1.03537693E+00,+508.72354E-03
+32.10000E-03,-1.03537693E+00,+513.74867E-03
+32.15000E-03,-1.01778899E+00,+548.92455E-03
+32.20000E-03,-1.03788950E+00,+508.72354E-03
+32.25000E-03,-1.01778899E+00,+307.71852E-03
+32.30000E-03,-995.17593E-03,+192.14063E-03
+32.35000E-03,-1.03537693E+00,+151.93963E-03
+32.40000E-03,-997.68849E-03,+31.33661E-03
+32.45000E-03,-1.01778899E+00,-94.29153E-03
+32.50000E-03,-1.03537693E+00,-134.49253E-03
+32.55000E-03,-1.01778899E+00,-214.89454E-03
+32.60000E-03,-1.03537693E+00,-295.29655E-03
+32.65000E-03,-1.01527643E+00,-375.69856E-03
+32.70000E-03,-1.03537693E+00,-375.69856E-03
+32.75000E-03,-995.17593E-03,-456.10057E-03
+32.80000E-03,-1.07557794E+00,-451.07544E-03
+32.85000E-03,-1.05799000E+00,-410.87444E-03
+32.90000E-03,-1.03537693E+00,-375.69856E-03
+32.95000E-03,-1.01527643E+00,-295.29655E-03
+33.00000E-03,-1.03537693E+00,-209.86942E-03
+33.05000E-03,-1.03537693E+00,-214.89454E-03
+33.10000E-03,-1.03537693E+00,-49.06540E-03
+33.15000E-03,-1.03537693E+00,+31.33661E-03
+33.20000E-03,-1.03537693E+00,+111.73862E-03
+33.25000E-03,-1.03537693E+00,+267.51751E-03
+33.30000E-03,-1.03537693E+00,+347.91952E-03
+33.35000E-03,-1.03537693E+00,+312.74364E-03
+33.40000E-03,-997.68849E-03,+428.32153E-03
+33.45000E-03,-1.03537693E+00,+312.74364E-03
+33.50000E-03,-1.03537693E+00,+347.91952E-03
+33.55000E-03,-1.03537693E+00,+307.71852E-03
+33.60000E-03,-1.03537693E+00,+267.51751E-03
+33.65000E-03,-1.03537693E+00,+187.11551E-03
+33.70000E-03,-995.17593E-03,+187.11551E-03
+33.75000E-03,-1.03788950E+00,+26.31149E-03
+33.80000E-03,-997.68849E-03,-54.09052E-03
+33.85000E-03,-1.01527643E+00,-54.09052E-03
+33.90000E-03,-1.07557794E+00,-134.49253E-03
+33.95000E-03,-1.01527643E+00,-169.66841E-03
+34.00000E-03,-997.68849E-03,-214.89454E-03
+34.05000E-03,-1.03537693E+00,-255.09555E-03
+34.10000E-03,-997.68849E-03,-295.29655E-03
+34.15000E-03,-1.03537693E+00,-295.29655E-03
+34.20000E-03,-1.03537693E+00,-295.29655E-03
+34.25000E-03,-1.01527643E+00,-255.09555E-03
+34.30000E-03,-1.03537693E+00,-214.89454E-03
+34.35000E-03,-995.17593E-03,-214.89454E-03
+34.40000E-03,-1.03537693E+00,-54.09052E-03
+34.45000E-03,-1.03537693E+00,-54.09052E-03
+34.50000E-03,-1.03537693E+00,-49.06540E-03
+34.55000E-03,-1.01778899E+00,+111.73862E-03
+34.60000E-03,-997.68849E-03,+106.71350E-03
+34.65000E-03,-1.03788950E+00,+187.11551E-03
+34.70000E-03,-1.03788950E+00,+187.11551E-03
+34.75000E-03,-1.03537693E+00,+227.31651E-03
+34.80000E-03,-1.03537693E+00,+347.91952E-03
+34.85000E-03,-1.03537693E+00,+267.51751E-03
+34.90000E-03,-1.03537693E+00,+187.11551E-03
+34.95000E-03,-995.17593E-03,+187.11551E-03
+35.00000E-03,-1.03537693E+00,+187.11551E-03
+35.05000E-03,-1.03537693E+00,+106.71350E-03
+35.10000E-03,-997.68849E-03,+106.71350E-03
+35.15000E-03,-1.03537693E+00,-8.86439E-03
+35.20000E-03,-1.07557794E+00,-129.46741E-03
+35.25000E-03,-1.01778899E+00,-134.49253E-03
+35.30000E-03,-995.17593E-03,-134.49253E-03
+35.35000E-03,-1.05799000E+00,-214.89454E-03
+35.40000E-03,-1.03788950E+00,-214.89454E-03
+35.45000E-03,-1.01527643E+00,-209.86942E-03
+35.50000E-03,-997.68849E-03,-295.29655E-03
+35.55000E-03,-1.03537693E+00,-255.09555E-03
+35.60000E-03,-1.03537693E+00,-214.89454E-03
+35.65000E-03,-1.03537693E+00,-134.49253E-03
+35.70000E-03,-997.68849E-03,-134.49253E-03
+35.75000E-03,-1.03537693E+00,-94.29153E-03
+35.80000E-03,-1.03537693E+00,-209.86942E-03
+35.85000E-03,-1.03537693E+00,-13.88952E-03
+35.90000E-03,-997.68849E-03,+26.31149E-03
+35.95000E-03,-1.03537693E+00,+71.53762E-03
+36.00000E-03,-995.17593E-03,+187.11551E-03
+36.05000E-03,-1.01527643E+00,+146.91450E-03
+36.10000E-03,-1.03537693E+00,+187.11551E-03
+36.15000E-03,-1.01527643E+00,+187.11551E-03
+36.20000E-03,-1.03537693E+00,+192.14063E-03
+36.25000E-03,-1.01527643E+00,+187.11551E-03
+36.30000E-03,-1.03537693E+00,+111.73862E-03
+36.35000E-03,-1.05799000E+00,+66.51249E-03
+36.40000E-03,-997.68849E-03,+31.33661E-03
+36.45000E-03,-1.03537693E+00,-13.88952E-03
+36.50000E-03,-997.68849E-03,+26.31149E-03
+36.55000E-03,-1.03537693E+00,-54.09052E-03
+36.60000E-03,-1.03537693E+00,-54.09052E-03
+36.65000E-03,-1.03788950E+00,-134.49253E-03
+36.70000E-03,-997.68849E-03,-134.49253E-03
+36.75000E-03,-1.03537693E+00,-134.49253E-03
+36.80000E-03,-1.03537693E+00,-134.49253E-03
+36.85000E-03,-1.03537693E+00,-134.49253E-03
+36.90000E-03,-1.03537693E+00,-134.49253E-03
+36.95000E-03,-1.03537693E+00,-169.66841E-03
+37.00000E-03,-1.03537693E+00,-54.09052E-03
+37.05000E-03,-1.03537693E+00,-134.49253E-03
+37.10000E-03,-1.03537693E+00,-54.09052E-03
+37.15000E-03,-1.03537693E+00,-54.09052E-03
+37.20000E-03,-1.03537693E+00,-49.06540E-03
+37.25000E-03,-1.03537693E+00,+66.51249E-03
+37.30000E-03,-1.03537693E+00,+31.33661E-03
+37.35000E-03,-1.03537693E+00,+71.53762E-03
+37.40000E-03,-1.03537693E+00,+106.71350E-03
+37.45000E-03,-1.03537693E+00,+106.71350E-03
+37.50000E-03,-1.03788950E+00,+106.71350E-03
+37.55000E-03,-1.03537693E+00,+146.91450E-03
+37.60000E-03,-997.68849E-03,+111.73862E-03
+37.65000E-03,-1.05547743E+00,+66.51249E-03
+37.70000E-03,-1.03537693E+00,+106.71350E-03
+37.75000E-03,-1.01778899E+00,+26.31149E-03
+37.80000E-03,-1.03537693E+00,-49.06540E-03
+37.85000E-03,-1.03537693E+00,+26.31149E-03
+37.90000E-03,-1.07557794E+00,-54.09052E-03
+37.95000E-03,-1.01778899E+00,-54.09052E-03
+38.00000E-03,-1.03537693E+00,-54.09052E-03
+38.05000E-03,-1.01527643E+00,-94.29153E-03
+38.10000E-03,-1.03537693E+00,-134.49253E-03
+38.15000E-03,-1.01778899E+00,-134.49253E-03
+38.20000E-03,-1.03537693E+00,-129.46741E-03
+38.25000E-03,-1.01778899E+00,-134.49253E-03
+38.30000E-03,-995.17593E-03,-134.49253E-03
+38.35000E-03,-995.17593E-03,-134.49253E-03
+38.40000E-03,-1.03537693E+00,-49.06540E-03
+38.45000E-03,-1.01778899E+00,-89.26640E-03
+38.50000E-03,-1.03537693E+00,+26.31149E-03
+38.55000E-03,-995.17593E-03,+26.31149E-03
+38.60000E-03,-997.68849E-03,+106.71350E-03
+38.65000E-03,-1.03537693E+00,+26.31149E-03
+38.70000E-03,-1.07557794E+00,+106.71350E-03
+38.75000E-03,-1.03537693E+00,+111.73862E-03
+38.80000E-03,-1.03537693E+00,+31.33661E-03
+38.85000E-03,-1.03788950E+00,+146.91450E-03
+38.90000E-03,-1.03537693E+00,+31.33661E-03
+38.95000E-03,-1.01527643E+00,+151.93963E-03
+39.00000E-03,-1.03537693E+00,+26.31149E-03
+39.05000E-03,-1.01778899E+00,+71.53762E-03
+39.10000E-03,-1.03788950E+00,+26.31149E-03
+39.15000E-03,-1.05547743E+00,+26.31149E-03
+39.20000E-03,-1.03537693E+00,-54.09052E-03
+39.25000E-03,-1.03537693E+00,-54.09052E-03
+39.30000E-03,-1.03537693E+00,-129.46741E-03
+39.35000E-03,-1.01527643E+00,-94.29153E-03
+39.40000E-03,-995.17593E-03,-129.46741E-03
+39.45000E-03,-1.01778899E+00,-54.09052E-03
+39.50000E-03,-997.68849E-03,-54.09052E-03
+39.55000E-03,-1.03537693E+00,-94.29153E-03
+39.60000E-03,-1.03537693E+00,-134.49253E-03
+39.65000E-03,-1.03537693E+00,-94.29153E-03
+39.70000E-03,-997.68849E-03,-54.09052E-03
+39.75000E-03,-1.01778899E+00,-89.26640E-03
+39.80000E-03,-1.03537693E+00,-49.06540E-03
+39.85000E-03,-1.01527643E+00,-13.88952E-03
+39.90000E-03,-1.03537693E+00,-49.06540E-03
+39.95000E-03,-1.01527643E+00,+26.31149E-03
+40.00000E-03,-997.68849E-03,+26.31149E-03
+40.05000E-03,-1.01527643E+00,+26.31149E-03
+40.10000E-03,-997.68849E-03,+26.31149E-03
+40.15000E-03,-1.01778899E+00,+66.51249E-03
+40.20000E-03,-1.03537693E+00,+111.73862E-03
+40.25000E-03,-1.03537693E+00,+71.53762E-03
+40.30000E-03,-1.03537693E+00,+26.31149E-03
+40.35000E-03,-1.03537693E+00,+26.31149E-03
+40.40000E-03,-995.17593E-03,+106.71350E-03
+40.45000E-03,-1.01527643E+00,+66.51249E-03
+40.50000E-03,-997.68849E-03,+26.31149E-03
+40.55000E-03,-1.03537693E+00,-54.09052E-03
+40.60000E-03,-1.03537693E+00,+26.31149E-03
+40.65000E-03,-1.05799000E+00,-54.09052E-03
+40.70000E-03,-1.03537693E+00,-54.09052E-03
+40.75000E-03,-1.03537693E+00,-49.06540E-03
+40.80000E-03,-1.03537693E+00,-54.09052E-03
+40.85000E-03,-1.03537693E+00,-13.88952E-03
+40.90000E-03,-997.68849E-03,-54.09052E-03
+40.95000E-03,-1.01527643E+00,-54.09052E-03
+41.00000E-03,-1.07557794E+00,-54.09052E-03
+41.05000E-03,-1.05547743E+00,-54.09052E-03
+41.10000E-03,-1.03537693E+00,-54.09052E-03
+41.15000E-03,-1.03537693E+00,-13.88952E-03
+41.20000E-03,-1.03537693E+00,-54.09052E-03
+41.25000E-03,-1.03537693E+00,-54.09052E-03
+41.30000E-03,-1.03537693E+00,+26.31149E-03
+41.35000E-03,-995.17593E-03,-8.86439E-03
+41.40000E-03,-1.03537693E+00,+26.31149E-03
+41.45000E-03,-1.03537693E+00,-8.86439E-03
+41.50000E-03,-1.03537693E+00,+31.33661E-03
+41.55000E-03,-1.01778899E+00,+106.71350E-03
+41.60000E-03,-1.03537693E+00,+26.31149E-03
+41.65000E-03,-1.01778899E+00,+106.71350E-03
+41.70000E-03,-1.03537693E+00,+106.71350E-03
+41.75000E-03,-1.01527643E+00,+26.31149E-03
+41.80000E-03,-1.07557794E+00,+31.33661E-03
+41.85000E-03,-1.03537693E+00,-8.86439E-03
+41.90000E-03,-1.03537693E+00,+26.31149E-03
+41.95000E-03,-1.01527643E+00,-13.88952E-03
+42.00000E-03,-997.68849E-03,-49.06540E-03
+42.05000E-03,-1.05547743E+00,-94.29153E-03
+42.10000E-03,-1.03788950E+00,-54.09052E-03
+42.15000E-03,-995.17593E-03,-8.86439E-03
+42.20000E-03,-1.03537693E+00,-129.46741E-03
+42.25000E-03,-1.05799000E+00,-54.09052E-03
+42.30000E-03,-1.03537693E+00,-54.09052E-03
+42.35000E-03,-1.03537693E+00,-13.88952E-03
+42.40000E-03,-1.03537693E+00,+26.31149E-03
+42.45000E-03,-1.03537693E+00,-8.86439E-03
+42.50000E-03,-995.17593E-03,+26.31149E-03
+42.55000E-03,-1.03537693E+00,+26.31149E-03
+42.60000E-03,-997.68849E-03,-49.06540E-03
+42.65000E-03,-1.03537693E+00,-13.88952E-03
+42.70000E-03,-997.68849E-03,+26.31149E-03
+42.75000E-03,-1.03537693E+00,-13.88952E-03
+42.80000E-03,-1.03537693E+00,+26.31149E-03
+42.85000E-03,-1.01778899E+00,+26.31149E-03
+42.90000E-03,-1.03537693E+00,+26.31149E-03
+42.95000E-03,-1.03537693E+00,-8.86439E-03
+43.00000E-03,-1.07557794E+00,+31.33661E-03
+43.05000E-03,-1.01778899E+00,+26.31149E-03
+43.10000E-03,-997.68849E-03,+26.31149E-03
+43.15000E-03,-995.17593E-03,+26.31149E-03
+43.20000E-03,-1.03537693E+00,-49.06540E-03
+43.25000E-03,-1.03537693E+00,-8.86439E-03
+43.30000E-03,-1.03537693E+00,-49.06540E-03
+43.35000E-03,-1.01778899E+00,-54.09052E-03
+43.40000E-03,-997.68849E-03,-54.09052E-03
+43.45000E-03,-1.03537693E+00,-8.86439E-03
+43.50000E-03,-1.03537693E+00,-49.06540E-03
+43.55000E-03,-1.01778899E+00,-54.09052E-03
+43.60000E-03,-1.07557794E+00,-54.09052E-03
+43.65000E-03,-1.03788950E+00,-54.09052E-03
+43.70000E-03,-1.03537693E+00,-54.09052E-03
+43.75000E-03,-1.03537693E+00,-13.88952E-03
+43.80000E-03,-995.17593E-03,+26.31149E-03
+43.85000E-03,-1.03537693E+00,-13.88952E-03
+43.90000E-03,-1.03537693E+00,+26.31149E-03
+43.95000E-03,-1.03537693E+00,+26.31149E-03
+44.00000E-03,-995.17593E-03,-49.06540E-03
+44.05000E-03,-1.03537693E+00,-54.09052E-03
+44.10000E-03,-997.68849E-03,+26.31149E-03
+44.15000E-03,-1.03537693E+00,+71.53762E-03
+44.20000E-03,-1.03537693E+00,+26.31149E-03
+44.25000E-03,-1.01527643E+00,-8.86439E-03
+44.30000E-03,-1.03537693E+00,+26.31149E-03
+44.35000E-03,-1.01527643E+00,+66.51249E-03
+44.40000E-03,-1.03537693E+00,-49.06540E-03
+44.45000E-03,-1.01527643E+00,-13.88952E-03
+44.50000E-03,-997.68849E-03,+26.31149E-03
+44.55000E-03,-1.03537693E+00,+26.31149E-03
+44.60000E-03,-1.07557794E+00,-54.09052E-03
+44.65000E-03,-1.03537693E+00,-54.09052E-03
+44.70000E-03,-1.03537693E+00,-54.09052E-03
+44.75000E-03,-1.03537693E+00,-54.09052E-03
+44.80000E-03,-1.03537693E+00,+26.31149E-03
+44.85000E-03,-1.03537693E+00,-8.86439E-03
+44.90000E-03,-997.68849E-03,-49.06540E-03
+44.95000E-03,-1.01527643E+00,-54.09052E-03
+45.00000E-03,-1.03537693E+00,-54.09052E-03
+45.05000E-03,-1.01778899E+00,-54.09052E-03
+45.10000E-03,-1.03537693E+00,-54.09052E-03
+45.15000E-03,-1.01527643E+00,+26.31149E-03
+45.20000E-03,-1.03537693E+00,-54.09052E-03
+45.25000E-03,-1.03537693E+00,-54.09052E-03
+45.30000E-03,-1.03537693E+00,+26.31149E-03
+45.35000E-03,-1.01527643E+00,+26.31149E-03
+45.40000E-03,-1.03537693E+00,+26.31149E-03
+45.45000E-03,-1.03537693E+00,+66.51249E-03
+45.50000E-03,-997.68849E-03,+26.31149E-03
+45.55000E-03,-1.01778899E+00,-13.88952E-03
+45.60000E-03,-1.03537693E+00,+26.31149E-03
+45.65000E-03,-1.03537693E+00,-13.88952E-03
+45.70000E-03,-997.68849E-03,+26.31149E-03
+45.75000E-03,-1.01778899E+00,-8.86439E-03
+45.80000E-03,-1.03537693E+00,-49.06540E-03
+45.85000E-03,-1.03537693E+00,+26.31149E-03
+45.90000E-03,-1.03537693E+00,+26.31149E-03
+45.95000E-03,-1.03537693E+00,-8.86439E-03
+46.00000E-03,-1.03537693E+00,+26.31149E-03
+46.05000E-03,-1.01778899E+00,+26.31149E-03
+46.10000E-03,-1.03537693E+00,-54.09052E-03
+46.15000E-03,-1.03537693E+00,-54.09052E-03
+46.20000E-03,-997.68849E-03,-54.09052E-03
+46.25000E-03,-1.01527643E+00,-8.86439E-03
+46.30000E-03,-1.03537693E+00,-54.09052E-03
+46.35000E-03,-995.17593E-03,-54.09052E-03
+46.40000E-03,-1.03537693E+00,+26.31149E-03
+46.45000E-03,-1.03537693E+00,-8.86439E-03
+46.50000E-03,-997.68849E-03,-49.06540E-03
+46.55000E-03,-1.03537693E+00,-8.86439E-03
+46.60000E-03,-995.17593E-03,+26.31149E-03
+46.65000E-03,-1.01778899E+00,-13.88952E-03
+46.70000E-03,-1.03537693E+00,-49.06540E-03
+46.75000E-03,-1.03537693E+00,-13.88952E-03
+46.80000E-03,-995.17593E-03,-49.06540E-03
+46.85000E-03,-995.17593E-03,-13.88952E-03
+46.90000E-03,-1.03537693E+00,+26.31149E-03
+46.95000E-03,-1.01778899E+00,-54.09052E-03
+47.00000E-03,-1.03537693E+00,+26.31149E-03
+47.05000E-03,-1.01778899E+00,-54.09052E-03
+47.10000E-03,-1.03788950E+00,+26.31149E-03
+47.15000E-03,-1.01778899E+00,-54.09052E-03
+47.20000E-03,-995.17593E-03,+26.31149E-03
+47.25000E-03,-1.01778899E+00,+26.31149E-03
+47.30000E-03,-1.03537693E+00,+26.31149E-03
+47.35000E-03,-1.01778899E+00,+31.33661E-03
+47.40000E-03,-1.07557794E+00,-49.06540E-03
+47.45000E-03,-995.17593E-03,+26.31149E-03
+47.50000E-03,-1.03537693E+00,+26.31149E-03
+47.55000E-03,-1.03537693E+00,-54.09052E-03
+47.60000E-03,-1.03537693E+00,-54.09052E-03
+47.65000E-03,-1.01527643E+00,-8.86439E-03
+47.70000E-03,-1.03537693E+00,-54.09052E-03
+47.75000E-03,-995.17593E-03,-13.88952E-03
+47.80000E-03,-997.68849E-03,-54.09052E-03
+47.85000E-03,-995.17593E-03,-54.09052E-03
+47.90000E-03,-997.68849E-03,-49.06540E-03
+47.95000E-03,-1.01778899E+00,+26.31149E-03
+48.00000E-03,-995.17593E-03,+26.31149E-03
+48.05000E-03,-1.01778899E+00,-54.09052E-03
+48.10000E-03,-995.17593E-03,+26.31149E-03
+48.15000E-03,-1.03537693E+00,+71.53762E-03
+48.20000E-03,-1.03537693E+00,+106.71350E-03
+48.25000E-03,-1.03537693E+00,+26.31149E-03
+48.30000E-03,-997.68849E-03,+26.31149E-03
+48.35000E-03,-1.01527643E+00,-8.86439E-03
+48.40000E-03,-1.03537693E+00,+26.31149E-03
+48.45000E-03,-1.01527643E+00,-54.09052E-03
+48.50000E-03,-1.07557794E+00,+26.31149E-03
+48.55000E-03,-1.03537693E+00,+26.31149E-03
+48.60000E-03,-1.07557794E+00,-54.09052E-03
+48.65000E-03,-1.01527643E+00,-13.88952E-03
+48.70000E-03,-1.03537693E+00,-49.06540E-03
+48.75000E-03,-1.03537693E+00,-13.88952E-03
+48.80000E-03,-1.03537693E+00,-54.09052E-03
+48.85000E-03,-1.03537693E+00,-54.09052E-03
+48.90000E-03,-1.03537693E+00,+26.31149E-03
+48.95000E-03,-1.01778899E+00,-89.26640E-03
+49.00000E-03,-1.03537693E+00,-49.06540E-03
+49.05000E-03,-1.03537693E+00,+26.31149E-03
+49.10000E-03,-995.17593E-03,-49.06540E-03
+49.15000E-03,-1.01778899E+00,-54.09052E-03
+49.20000E-03,-1.03537693E+00,-54.09052E-03
+49.25000E-03,-1.01527643E+00,+66.51249E-03
+49.30000E-03,-1.03537693E+00,+26.31149E-03
+49.35000E-03,-995.17593E-03,+26.31149E-03
+49.40000E-03,-1.03537693E+00,-49.06540E-03
+49.45000E-03,-1.03537693E+00,-54.09052E-03
+49.50000E-03,-1.03537693E+00,-49.06540E-03
+49.55000E-03,-1.01527643E+00,+26.31149E-03
+49.60000E-03,-1.03537693E+00,-49.06540E-03
+49.65000E-03,-1.01778899E+00,-8.86439E-03
+49.70000E-03,-997.68849E-03,+26.31149E-03
+49.75000E-03,-1.05799000E+00,+26.31149E-03
+49.80000E-03,-1.03537693E+00,+26.31149E-03
+49.85000E-03,-1.03537693E+00,-8.86439E-03
+49.90000E-03,-997.68849E-03,+26.31149E-03
+49.95000E-03,-1.07557794E+00,-94.29153E-03
